DBCODE,ENTITY,YEAR,DATE,STREAM,SITE,SITE_CODE,TRANSECT,REACH_SECTION,WETTED_WIDTH,DEPTH_1,DEPTH_2,DEPTH_3,DEPTH_4,DEPTH_5,MAX_DEPTH,REACH_LENGTH,NOTES
AS011,2,2016,2016-07-29,"McRae","MCRAE_STREON","R834",0,M,330,16.0,22.0,17.0,13.5,11.5,25.5,95,"From transect 0 to 60 the depths are in no particular order"
AS011,2,2016,2016-07-29,"McRae","MCRAE_STREON","R834",5,M,520,11.5,44.5,31.0,14.0,7.0,70.5,95,"check max depth w/ Katie"
AS011,2,2016,2016-07-29,"McRae","MCRAE_STREON","R834",10,M,335,10.0,17.0,14.5,21.0,18.0,21.0,95,""
AS011,2,2016,2016-07-29,"McRae","MCRAE_STREON","R834",15,M,435,10.0,25.0,23.0,13.5,6.0,38.0,95,""
AS011,2,2016,2016-07-29,"McRae","MCRAE_STREON","R834",20,M,195,7.0,18.0,24.0,10.0,18.0,24.0,95,""
AS011,2,2016,2016-07-29,"McRae","MCRAE_STREON","R834",25,M,360,3.0,9.0,4.0,12.0,14.0,19.0,95,""
AS011,2,2016,2016-07-29,"McRae","MCRAE_STREON","R834",30,M,350,14.0,20.0,14.0,22.0,6.0,28.0,95,""
AS011,2,2016,2016-07-29,"McRae","MCRAE_STREON","R834",35,M,510,8.0,11.0,29.5,18.0,30.0,31.0,95,""
AS011,2,2016,2016-07-29,"McRae","MCRAE_STREON","R834",40,M,605,4.5,7.5,7.0,33.0,11.0,33.0,95,""
AS011,2,2016,2016-07-29,"McRae","MCRAE_STREON","R834",45,M,320,2.0,11.0,19.0,53.0,10.0,53.0,95,""
AS011,2,2016,2016-07-29,"McRae","MCRAE_STREON","R834",50,M,320,12.0,13.0,14.0,13.0,5.0,15.0,95,""
AS011,2,2016,2016-07-29,"McRae","MCRAE_STREON","R834",55,M,370,5.0,24.0,18.0,16.0,6.0,24.0,95,""
AS011,2,2016,2016-07-29,"McRae","MCRAE_STREON","R834",60,M,600,3.0,21.0,19.0,19.0,10.0,21.0,95,""
AS011,2,2016,2016-07-29,"McRae","MCRAE_STREON","R834",65,M,527,4.0,15.5,13.5,11.0,11.0,15.5,95,"From transect 65 to end depths are ordered from left bank (looking upstream) to right bank"
AS011,2,2016,2016-07-29,"McRae","MCRAE_STREON","R834",70,M,460,18.0,20.0,15.0,5.0,2.5,24.0,95,""
AS011,2,2016,2016-07-29,"McRae","MCRAE_STREON","R834",75,M,560,6.0,8.0,7.5,26.0,31.0,31.0,95,"split channel: Left channel width 130 cm, right channel width 275 cm. Depths 4 & 5 are in right channel"
AS011,2,2016,2016-07-29,"McRae","MCRAE_STREON","R834",80,M,670,6.5,2.0,6.0,6.5,6.5,13.0,95,"channel begins to split (looking downstream)"
AS011,2,2016,2016-07-29,"McRae","MCRAE_STREON","R834",85,M,688,18.0,17.0,18.0,12.0,12.5,19.0,95,""
AS011,2,2016,2016-07-29,"McRae","MCRAE_STREON","R834",90,M,295,5.0,18.0,16.0,20.0,12.5,25.0,95,""
AS011,2,2016,2016-07-29,"McRae","MCRAE_STREON","R834",95,M,310,13.0,17.0,10.0,2.0,7.0,22.0,95,""
AS011,2,2016,2016-08-24,"Lookout","LO_SCALER_CONTROL","L1003",0,L,215,11.0,1.5,7.0,11.0,10.0,2.0,69,"left channel"
AS011,2,2016,2016-08-24,"Lookout","LO_SCALER_CONTROL","L1003",0,R,63,3.0,1.0,3.0,2.0,3.0,3.0,69,"right channel"
AS011,2,2016,2016-08-24,"Lookout","LO_SCALER_CONTROL","L1003",5,M,465,7.0,2.5,4.0,0.0,4.0,7.0,69,""
AS011,2,2016,2016-08-24,"Lookout","LO_SCALER_CONTROL","L1003",10,M,430,14.5,7.0,8.5,0.0,3.5,6.0,69,""
AS011,2,2016,2016-08-24,"Lookout","LO_SCALER_CONTROL","L1003",15,M,175,16.0,14.0,15.0,14.0,14.0,6.0,69,""
AS011,2,2016,2016-08-24,"Lookout","LO_SCALER_CONTROL","L1003",20,M,265,46.0,31.0,44.0,34.0,27.0,4.5,69,""
AS011,2,2016,2016-08-24,"Lookout","LO_SCALER_CONTROL","L1003",25,M,265,46.0,31.0,44.0,34.0,27.0,4.5,69,""
AS011,2,2016,2016-08-24,"Lookout","LO_SCALER_CONTROL","L1003",30,M,190,4.5,3.0,3.5,3.0,4.0,4.0,69,""
AS011,2,2016,2016-08-24,"Lookout","LO_SCALER_CONTROL","L1003",35,L,145,18.5,5.0,8.0,11.0,15.5,6.5,69,"left channel"
AS011,2,2016,2016-08-24,"Lookout","LO_SCALER_CONTROL","L1003",35,R,95,19.0,5.0,7.0,14.0,18.0,8.0,69,"right channel"
AS011,2,2016,2016-08-24,"Lookout","LO_SCALER_CONTROL","L1003",40,L,220,25.5,7.5,21.0,16.0,5.0,5.0,69,"left channel"
AS011,2,2016,2016-08-24,"Lookout","LO_SCALER_CONTROL","L1003",40,R,75,2.0,2.0,0.0,1.0,0.0,1.0,69,"right channel"
AS011,2,2016,2016-08-24,"Lookout","LO_SCALER_CONTROL","L1003",45,L,250,24.0,6.0,24.0,5.0,7.0,11.0,69,"left channel"
AS011,2,2016,2016-08-24,"Lookout","LO_SCALER_CONTROL","L1003",45,R,118,3.0,3.0,0.0,2.0,0.0,3.0,69,"right channel"
AS011,2,2016,2016-08-24,"Lookout","LO_SCALER_CONTROL","L1003",50,L,190,13.0,2.0,3.0,0.0,10.0,9.5,69,"left channel"
AS011,2,2016,2016-08-24,"Lookout","LO_SCALER_CONTROL","L1003",50,R,300,3.5,3.0,3.0,2.0,1.0,2.0,69,"right channel"
AS011,2,2016,2016-08-24,"Lookout","LO_SCALER_CONTROL","L1003",55,M,570,21.0,9.0,11.0,8.0,3.0,10.0,69,""
AS011,2,2016,2016-08-24,"Lookout","LO_SCALER_CONTROL","L1003",60,M,405,10.5,4.0,8.0,6.0,1.5,2.0,69,""
AS011,2,2016,2016-08-24,"Lookout","LO_SCALER_CONTROL","L1003",65,M,240,32.0,0.0,3.0,10.0,0.0,32.0,69,""
AS011,2,2016,2016-08-24,"Lookout","LO_SCALER_CONTROL","L1003",69,M,335,13.0,12.0,6.0,12.5,8.5,5.5,69,""
AS011,2,2016,2016-08-26,"McRae","MCRAE_HW_BELOW_ EOF","R963",0,M,510,7.0,8.0,17.0,0.0,2.0,17.0,85,""
AS011,2,2016,2016-08-26,"McRae","MCRAE_HW_BELOW_ EOF","R963",3,M,350,66.0,62.0,82.0,91.0,65.0,92.0,85,""
AS011,2,2016,2016-08-26,"McRae","MCRAE_HW_BELOW_ EOF","R963",5,M,210,2.0,8.5,11.0,13.5,9.0,13.5,85,""
AS011,2,2016,2016-08-26,"McRae","MCRAE_HW_BELOW_ EOF","R963",10,M,220,5.0,3.5,6.5,12.0,8.0,12.0,85,""
AS011,2,2016,2016-08-26,"McRae","MCRAE_HW_BELOW_ EOF","R963",15,M,395,20.0,24.0,6.5,3.0,14.0,35.0,85,""
AS011,2,2016,2016-08-26,"McRae","MCRAE_HW_BELOW_ EOF","R963",20,M,250,21.0,24.0,23.5,20.0,13.5,34.0,85,""
AS011,2,2016,2016-08-26,"McRae","MCRAE_HW_BELOW_ EOF","R963",25,M,310,3.5,7.0,0.0,29.0,29.5,32.0,85,""
AS011,2,2016,2016-08-26,"McRae","MCRAE_HW_BELOW_ EOF","R963",30,M,500,10.5,30.0,46.0,15.0,37.0,46.0,85,""
AS011,2,2016,2016-08-26,"McRae","MCRAE_HW_BELOW_ EOF","R963",35,M,260,12.5,11.0,18.5,8.0,8.5,12.5,85,""
AS011,2,2016,2016-08-26,"McRae","MCRAE_HW_BELOW_ EOF","R963",40,C,135,0.5,1.5,1.5,4.0,1.0,4.0,85,"middle channel"
AS011,2,2016,2016-08-26,"McRae","MCRAE_HW_BELOW_ EOF","R963",40,L,120,2.0,1.0,2.0,1.5,1.5,2.0,85,"left channel"
AS011,2,2016,2016-08-26,"McRae","MCRAE_HW_BELOW_ EOF","R963",40,R,160,8.5,14.5,11.0,11.5,9.0,18.0,85,"right channel"
AS011,2,2016,2016-08-26,"McRae","MCRAE_HW_BELOW_ EOF","R963",45,M,65,2.0,3.5,4.0,2.5,3.5,4.0,85,""
AS011,2,2016,2016-08-26,"McRae","MCRAE_HW_BELOW_ EOF","R963",50,L,510,6.5,10.0,11.0,19.0,11.0,19.0,85,"left side channel"
AS011,2,2016,2016-08-26,"McRae","MCRAE_HW_BELOW_ EOF","R963",50,R,510,6.5,10.0,11.0,19.0,11.0,19.0,85,"right channel"
AS011,2,2016,2016-08-26,"McRae","MCRAE_HW_BELOW_ EOF","R963",55,M,265,7.0,22.0,23.0,14.0,7.0,34.0,85,""
AS011,2,2016,2016-08-26,"McRae","MCRAE_HW_BELOW_ EOF","R963",60,M,570,9.0,24.0,21.0,19.0,30.0,30.0,85,""
AS011,2,2016,2016-08-26,"McRae","MCRAE_HW_BELOW_ EOF","R963",65,M,75,2.0,1.5,1.0,1.5,2.0,6.0,85,""
AS011,2,2016,2016-08-26,"McRae","MCRAE_HW_BELOW_ EOF","R963",70,M,405,19.0,7.0,8.0,5.0,14.0,19.0,85,"main channel"
AS011,2,2016,2016-08-26,"McRae","MCRAE_HW_BELOW_ EOF","R963",70,S,140,3.5,4.0,4.5,4.0,3.0,4.5,85,"side pool"
AS011,2,2016,2016-08-26,"McRae","MCRAE_HW_BELOW_ EOF","R963",75,M,180,23.0,24.0,10.5,2.0,1.5,24.0,85,"main channel"
AS011,2,2016,2016-08-26,"McRae","MCRAE_HW_BELOW_ EOF","R963",75,S,180,10.0,23.5,28.0,23.0,9.0,28.5,85,"side pool"
AS011,2,2016,2016-08-26,"McRae","MCRAE_HW_BELOW_ EOF","R963",80,M,150,12.0,10.5,13.0,13.0,3.0,16.0,85,""
AS011,2,2016,2016-08-26,"McRae","MCRAE_HW_BELOW_ EOF","R963",85,M,465,19.5,17.0,15.0,4.5,2.5,21.0,85,""
AS011,2,2016,2016-08-31,"Lookout","LO_HW_BELOW_EOF","L1129",0,M,153,11.0,2.0,9.5,0.0,5.0,11.0,75,""
AS011,2,2016,2016-08-31,"Lookout","LO_HW_BELOW_EOF","L1129",5,M,112,9.0,10.0,7.0,7.0,4.0,10.0,75,""
AS011,2,2016,2016-08-31,"Lookout","LO_HW_BELOW_EOF","L1129",10,M,89,2.0,11.0,15.5,14.5,6.5,15.5,75,""
AS011,2,2016,2016-08-31,"Lookout","LO_HW_BELOW_EOF","L1129",15,M,66,6.5,5.5,2.0,4.5,2.0,6.5,75,""
AS011,2,2016,2016-08-31,"Lookout","LO_HW_BELOW_EOF","L1129",20,M,96,26.5,22.0,27.5,15.0,8.0,27.5,75,""
AS011,2,2016,2016-08-31,"Lookout","LO_HW_BELOW_EOF","L1129",25,M,79,5.5,1.0,3.0,7.0,10.0,10.0,75,""
AS011,2,2016,2016-08-31,"Lookout","LO_HW_BELOW_EOF","L1129",30,M,130,6.5,5.0,15.5,20.0,6.0,20.0,75,""
AS011,2,2016,2016-08-31,"Lookout","LO_HW_BELOW_EOF","L1129",35,M,170,7.5,10.0,1.5,1.0,1.5,10.0,75,""
AS011,2,2016,2016-08-31,"Lookout","LO_HW_BELOW_EOF","L1129",40,M,165,2.0,4.5,3.5,4.5,0.5,4.5,75,""
AS011,2,2016,2016-08-31,"Lookout","LO_HW_BELOW_EOF","L1129",45,M,53,0.5,0.5,5.0,9.0,1.5,9.0,75,""
AS011,2,2016,2016-08-31,"Lookout","LO_HW_BELOW_EOF","L1129",50,M,50,8.0,12.0,5.0,1.0,1.0,12.0,75,""
AS011,2,2016,2016-08-31,"Lookout","LO_HW_BELOW_EOF","L1129",55,M,70,1.0,1.0,0.0,5.0,4.0,5.0,75,""
AS011,2,2016,2016-08-31,"Lookout","LO_HW_BELOW_EOF","L1129",60,M,230,14.0,10.0,5.0,0.0,1.0,14.0,75,""
AS011,2,2016,2016-08-31,"Lookout","LO_HW_BELOW_EOF","L1129",65,M,150,5.0,2.0,0.0,10.0,9.0,11.0,75,""
AS011,2,2016,2016-08-31,"Lookout","LO_HW_BELOW_EOF","L1129",70,M,240,4.0,4.0,3.0,2.0,2.0,13.0,75,""
AS011,2,2016,2016-08-31,"Lookout","LO_HW_BELOW_EOF","L1129",75,M,119,7.0,11.0,3.0,14.0,12.0,14.0,75,"bottom net"
AS011,2,2017,2017-07-12,"McRae","MCRAE_SCALER_ADD","R556",0,M,,,,,,,,65,"Transect 0/'Net #4' under bridge, measuring began at transect 5"
AS011,2,2017,2017-07-12,"McRae","MCRAE_SCALER_ADD","R556",5,M,460,18.0,29.0,37.0,34.0,10.0,37.0,65,""
AS011,2,2017,2017-07-12,"McRae","MCRAE_SCALER_ADD","R556",10,M,430,9.0,22.0,31.0,22.0,36.0,37.0,65,""
AS011,2,2017,2017-07-12,"McRae","MCRAE_SCALER_ADD","R556",15,M,690,36.0,23.0,38.0,13.0,15.0,57.0,65,""
AS011,2,2017,2017-07-12,"McRae","MCRAE_SCALER_ADD","R556",20,M,705,17.0,21.0,20.0,8.0,7.0,26.0,65,""
AS011,2,2017,2017-07-12,"McRae","MCRAE_SCALER_ADD","R556",25,M,710,17.0,25.0,30.0,8.0,11.0,34.0,65,""
AS011,2,2017,2017-07-12,"McRae","MCRAE_SCALER_ADD","R556",30,M,610,19.0,19.0,16.0,8.0,7.0,31.0,65,""
AS011,2,2017,2017-07-12,"McRae","MCRAE_SCALER_ADD","R556",35,M,610,13.0,19.0,10.0,17.0,15.0,28.0,65,""
AS011,2,2017,2017-07-12,"McRae","MCRAE_SCALER_ADD","R556",40,M,550,24.0,15.0,21.0,13.0,5.0,25.0,65,""
AS011,2,2017,2017-07-12,"McRae","MCRAE_SCALER_ADD","R556",45,M,580,25.0,24.0,11.0,17.0,11.0,27.0,65,""
AS011,2,2017,2017-07-12,"McRae","MCRAE_SCALER_ADD","R556",50,M,690,32.0,28.0,17.0,20.0,13.0,34.0,65,""
AS011,2,2017,2017-07-12,"McRae","MCRAE_SCALER_ADD","R556",55,M,630,18.0,17.0,21.0,31.0,22.0,31.0,65,""
AS011,2,2017,2017-07-12,"McRae","MCRAE_SCALER_ADD","R556",60,M,560,17.0,12.0,21.0,10.0,13.0,30.0,65,""
AS011,2,2017,2017-07-12,"McRae","MCRAE_SCALER_ADD","R556",65,M,470,10.0,21.0,23.0,21.0,13.0,23.0,65,""
AS011,2,2017,2017-07-12,"McRae","MCRAE_SCALER_CONTROL","R558",0,M,820,15.0,10.0,10.0,11.0,10.0,15.0,73,""
AS011,2,2017,2017-07-13,"McRae","MCRAE_SCALER_CONTROL","R558",5,M,820,8.0,25.0,16.0,12.0,11.0,25.0,73,""
AS011,2,2017,2017-07-13,"McRae","MCRAE_SCALER_CONTROL","R558",10,M,570,18.0,17.0,18.0,20.0,9.0,25.0,73,""
AS011,2,2017,2017-07-13,"McRae","MCRAE_SCALER_CONTROL","R558",15,M,520,8.0,23.0,32.0,12.0,10.0,32.0,73,""
AS011,2,2017,2017-07-13,"McRae","MCRAE_SCALER_CONTROL","R558",20,M,520,10.0,22.0,25.0,14.0,15.0,25.0,73,"Side pool: 1.2m  max depth: 15cm  Length: 4.1m"
AS011,2,2017,2017-07-13,"McRae","MCRAE_SCALER_CONTROL","R558",25,M,670,14.0,31.0,22.0,17.0,15.0,31.0,73,""
AS011,2,2017,2017-07-13,"McRae","MCRAE_SCALER_CONTROL","R558",30,M,490,21.0,27.0,14.0,14.0,7.0,27.0,73,""
AS011,2,2017,2017-07-13,"McRae","MCRAE_SCALER_CONTROL","R558",35,M,450,17.0,29.0,22.0,14.0,6.0,33.0,73,""
AS011,2,2017,2017-07-13,"McRae","MCRAE_SCALER_CONTROL","R558",40,M,530,17.0,17.0,16.0,11.0,16.0,20.0,73,""
AS011,2,2017,2017-07-13,"McRae","MCRAE_SCALER_CONTROL","R558",45,M,580,23.0,15.0,12.0,17.0,8.0,25.0,73,""
AS011,2,2017,2017-07-13,"McRae","MCRAE_SCALER_CONTROL","R558",50,M,550,4.0,9.0,15.0,20.0,26.0,27.0,73,""
AS011,2,2017,2017-07-13,"McRae","MCRAE_SCALER_CONTROL","R558",55,M,460,14.0,21.0,21.0,28.0,25.0,37.0,73,""
AS011,2,2017,2017-07-13,"McRae","MCRAE_SCALER_CONTROL","R558",60,M,400,13.0,10.0,20.0,44.0,44.0,44.0,73,""
AS011,2,2017,2017-07-13,"McRae","MCRAE_SCALER_CONTROL","R558",65,M,450,11.0,39.0,25.0,15.0,14.0,39.0,73,""
AS011,2,2017,2017-07-13,"McRae","MCRAE_SCALER_CONTROL","R558",70,M,450,10.0,20.0,19.0,25.0,12.0,30.0,73,""
AS011,2,2017,2017-07-13,"McRae","MCRAE_SCALER_CONTROL","R558",73,M,500,12.0,9.0,20.0,17.0,12.0,20.0,73,""
AS011,2,2017,2017-07-13,"McRae","MCRAE_SCALER_DEPL","R557",0,M,510,18.0,20.0,32.0,21.0,8.0,35.0,75,"Net #3 bottom of depletion"
AS011,2,2017,2017-07-13,"McRae","MCRAE_SCALER_DEPL","R557",5,M,520,30.0,26.0,28.0,11.0,17.0,37.0,75,""
AS011,2,2017,2017-07-13,"McRae","MCRAE_SCALER_DEPL","R557",10,M,530,33.0,35.0,24.0,20.0,17.0,42.0,75,""
AS011,2,2017,2017-07-13,"McRae","MCRAE_SCALER_DEPL","R557",15,M,510,33.0,29.0,19.0,9.0,17.0,33.0,75,""
AS011,2,2017,2017-07-13,"McRae","MCRAE_SCALER_DEPL","R557",20,M,470,6.0,18.0,19.0,25.0,6.0,25.0,75,""
AS011,2,2017,2017-07-13,"McRae","MCRAE_SCALER_DEPL","R557",25,M,460,18.0,26.0,28.0,15.0,11.0,30.0,75,""
AS011,2,2017,2017-07-13,"McRae","MCRAE_SCALER_DEPL","R557",30,M,480,21.0,17.0,22.0,20.0,18.0,27.0,75,""
AS011,2,2017,2017-07-13,"McRae","MCRAE_SCALER_DEPL","R557",35,M,480,16.0,20.0,21.0,23.0,5.0,29.0,75,""
AS011,2,2017,2017-07-13,"McRae","MCRAE_SCALER_DEPL","R557",40,M,730,14.0,22.0,20.0,13.0,15.0,26.0,75,""
AS011,2,2017,2017-07-13,"McRae","MCRAE_SCALER_DEPL","R557",45,M,610,6.0,22.0,23.0,30.0,12.0,32.0,75,""
AS011,2,2017,2017-07-13,"McRae","MCRAE_SCALER_DEPL","R557",50,M,730,6.0,24.0,12.0,24.0,10.0,28.0,75,""
AS011,2,2017,2017-07-13,"McRae","MCRAE_SCALER_DEPL","R557",55,M,810,6.0,16.0,16.0,26.0,13.0,27.0,75,""
AS011,2,2017,2017-07-13,"McRae","MCRAE_SCALER_DEPL","R557",60,M,840,15.0,7.0,28.0,20.0,13.0,30.0,75,""
AS011,2,2017,2017-07-13,"McRae","MCRAE_SCALER_DEPL","R557",65,M,740,10.0,17.0,18.0,15.0,20.0,26.0,75,""
AS011,2,2017,2017-07-13,"McRae","MCRAE_SCALER_DEPL","R557",70,M,750,7.0,11.0,19.0,11.0,17.0,24.0,75,""
AS011,2,2017,2017-07-13,"McRae","MCRAE_SCALER_DEPL","R557",75,M,790,8.0,5.0,15.0,15.0,22.0,25.0,75,""
AS011,2,2017,2017-07-17,"Lookout","L701_LOWER","L755",0,M,710,23.0,39.0,32.0,17.0,19.0,39.0,70,""
AS011,2,2017,2017-07-17,"Lookout","L701_LOWER","L755",5,M,880,47.0,37.0,33.0,41.0,40.0,47.0,70,""
AS011,2,2017,2017-07-17,"Lookout","L701_LOWER","L755",10,M,790,45.0,37.0,41.0,36.0,12.0,45.0,70,""
AS011,2,2017,2017-07-17,"Lookout","L701_LOWER","L755",15,M,1190,24.0,19.0,26.0,56.0,27.0,62.0,70,""
AS011,2,2017,2017-07-17,"Lookout","L701_LOWER","L755",20,M,780,18.0,45.0,30.0,39.0,43.0,47.0,70,""
AS011,2,2017,2017-07-17,"Lookout","L701_LOWER","L755",25,M,910,28.0,13.0,31.0,20.0,14.0,42.0,70,""
AS011,2,2017,2017-07-17,"Lookout","L701_LOWER","L755",30,M,1010,37.0,18.0,13.0,20.0,32.0,38.0,70,""
AS011,2,2017,2017-07-17,"Lookout","L701_LOWER","L755",35,M,870,38.0,35.0,7.0,19.0,24.0,49.0,70,""
AS011,2,2017,2017-07-17,"Lookout","L701_LOWER","L755",40,M,1050,17.0,21.0,7.0,19.0,27.0,50.0,70,""
AS011,2,2017,2017-07-17,"Lookout","L701_LOWER","L755",45,M,900,30.0,33.0,17.0,21.0,44.0,44.0,70,""
AS011,2,2017,2017-07-17,"Lookout","L701_LOWER","L755",50,M,930,15.0,33.0,28.0,30.0,20.0,50.0,70,""
AS011,2,2017,2017-07-17,"Lookout","L701_LOWER","L755",55,M,840,62.0,45.0,41.0,67.0,39.0,70.0,70,""
AS011,2,2017,2017-07-17,"Lookout","L701_LOWER","L755",60,M,770,15.0,44.0,42.0,28.0,22.0,44.0,70,""
AS011,2,2017,2017-07-17,"Lookout","L701_LOWER","L755",65,M,560,28.0,33.0,30.0,28.0,35.0,35.0,70,""
AS011,2,2017,2017-07-17,"Lookout","L701_LOWER","L755",70,M,620,30.0,35.0,52.0,45.0,28.0,61.0,70,""
AS011,2,2017,2017-07-18,"Lookout","L701_UPPER","L769",0,M,600,14.0,26.0,27.0,52.0,52.0,52.0,55,""
AS011,2,2017,2017-07-18,"Lookout","L701_UPPER","L769",5,M,530,17.0,22.0,33.0,6.0,14.0,37.0,55,""
AS011,2,2017,2017-07-18,"Lookout","L701_UPPER","L769",10,M,500,8.0,37.0,39.0,45.0,5.0,35.0,55,""
AS011,2,2017,2017-07-18,"Lookout","L701_UPPER","L769",15,M,580,38.0,28.0,35.0,30.0,34.0,38.0,55,""
AS011,2,2017,2017-07-18,"Lookout","L701_UPPER","L769",20,M,790,24.0,30.0,34.0,61.0,29.0,64.0,55,""
AS011,2,2017,2017-07-18,"Lookout","L701_UPPER","L769",25,M,730,84.0,27.0,17.0,37.0,53.0,84.0,55,""
AS011,2,2017,2017-07-18,"Lookout","L701_UPPER","L769",30,M,680,38.0,35.0,39.0,21.0,10.0,39.0,55,""
AS011,2,2017,2017-07-18,"Lookout","L701_UPPER","L769",35,M,920,33.0,54.0,49.0,27.0,5.0,54.0,55,""
AS011,2,2017,2017-07-18,"Lookout","L701_UPPER","L769",40,M,980,18.0,41.0,20.0,21.0,20.0,41.0,55,""
AS011,2,2017,2017-07-18,"Lookout","L701_UPPER","L769",45,M,810,42.0,47.0,60.0,22.0,23.0,68.0,55,""
AS011,2,2017,2017-07-18,"Lookout","L701_UPPER","L769",50,M,680,6.0,18.0,39.0,28.0,7.0,44.0,55,""
AS011,2,2017,2017-07-18,"Lookout","L701_UPPER","L769",55,M,720,10.0,19.0,28.0,32.0,14.0,32.0,55,""
AS011,2,2017,2017-07-25,"Lookout","LO_HW_BELOW_EOF","L1129",0,M,130,12.0,9.0,8.0,5.0,4.0,12.0,75,""
AS011,2,2017,2017-07-25,"Lookout","LO_HW_BELOW_EOF","L1129",5,M,190,3.0,3.0,7.0,8.0,2.0,8.0,75,""
AS011,2,2017,2017-07-25,"Lookout","LO_HW_BELOW_EOF","L1129",10,M,210,2.0,5.0,5.0,8.0,10.0,10.0,75,""
AS011,2,2017,2017-07-25,"Lookout","LO_HW_BELOW_EOF","L1129",15,M,160,8.0,5.0,5.0,3.0,1.0,8.0,75,""
AS011,2,2017,2017-07-25,"Lookout","LO_HW_BELOW_EOF","L1129",20,M,100,3.0,5.0,4.0,21.0,19.0,22.0,75,""
AS011,2,2017,2017-07-25,"Lookout","LO_HW_BELOW_EOF","L1129",25,M,110,5.0,21.0,17.0,14.0,6.0,21.0,75,""
AS011,2,2017,2017-07-25,"Lookout","LO_HW_BELOW_EOF","L1129",30,M,320,11.0,13.0,7.0,16.0,8.0,18.0,75,""
AS011,2,2017,2017-07-25,"Lookout","LO_HW_BELOW_EOF","L1129",35,M,220,5.0,7.0,10.0,20.0,17.0,21.0,75,""
AS011,2,2017,2017-07-25,"Lookout","LO_HW_BELOW_EOF","L1129",40,M,110,8.0,17.0,11.0,10.0,4.0,18.0,75,""
AS011,2,2017,2017-07-25,"Lookout","LO_HW_BELOW_EOF","L1129",45,M,240,6.0,14.0,3.0,12.0,7.0,14.0,75,""
AS011,2,2017,2017-07-25,"Lookout","LO_HW_BELOW_EOF","L1129",50,M,160,4.0,9.0,7.0,13.0,2.0,14.0,75,""
AS011,2,2017,2017-07-25,"Lookout","LO_HW_BELOW_EOF","L1129",55,M,150,2.0,1.0,8.0,5.0,2.0,10.0,75,""
AS011,2,2017,2017-07-25,"Lookout","LO_HW_BELOW_EOF","L1129",60,M,150,4.0,6.0,3.0,3.0,7.0,9.0,75,"Measured at 61m due to large log jam across channel"
AS011,2,2017,2017-07-25,"Lookout","LO_HW_BELOW_EOF","L1129",65,M,120,4.0,1.0,4.0,4.0,2.0,11.0,75,""
AS011,2,2017,2017-07-25,"Lookout","LO_HW_BELOW_EOF","L1129",70,M,280,2.0,6.0,7.0,4.0,3.0,7.0,75,""
AS011,2,2017,2017-07-25,"Lookout","LO_HW_BELOW_EOF","L1129",75,M,450,9.0,22.0,20.0,7.0,7.0,28.0,75,"End of barrier at 76m with woody debris plug"
AS011,2,2018,2017-07-25,"Lookout","LO_HW_BELOW_EOF","L1129",85,M,330,3.9,10.8,14.4,10.5,5.1,14.5,85,""
AS011,2,2017,2017-07-26,"Lookout","LO_HW_ABOVE_EOF","L1155",0,M,190,4.0,5.0,4.0,4.0,12.0,13.0,62,""
AS011,2,2017,2017-07-26,"Lookout","LO_HW_ABOVE_EOF","L1155",5,M,320,5.0,7.0,5.0,10.0,8.0,12.0,62,""
AS011,2,2017,2017-07-26,"Lookout","LO_HW_ABOVE_EOF","L1155",10,M,0,0.0,0.0,0.0,0.0,0.0,0.0,62,"DRY- no measurements taken"
AS011,2,2017,2017-07-26,"Lookout","LO_HW_ABOVE_EOF","L1155",15,M,60,2.0,5.0,4.0,1.0,1.0,6.0,62,""
AS011,2,2017,2017-07-26,"Lookout","LO_HW_ABOVE_EOF","L1155",20,M,310,10.0,8.0,5.0,10.0,10.0,13.0,62,""
AS011,2,2017,2017-07-26,"Lookout","LO_HW_ABOVE_EOF","L1155",25,M,310,1.0,2.0,3.0,2.0,3.0,6.0,62,"Split channel"
AS011,2,2017,2017-07-26,"Lookout","LO_HW_ABOVE_EOF","L1155",30,M,180,1.0,1.0,4.0,2.0,7.0,8.0,62,"Split channel"
AS011,2,2017,2017-07-26,"Lookout","LO_HW_ABOVE_EOF","L1155",35,M,130,12.0,10.0,14.0,4.0,11.0,16.0,62,""
AS011,2,2017,2017-07-26,"Lookout","LO_HW_ABOVE_EOF","L1155",40,M,160,6.0,13.0,7.0,8.0,5.0,14.0,62,""
AS011,2,2017,2017-07-26,"Lookout","LO_HW_ABOVE_EOF","L1155",45,M,140,4.0,5.0,1.0,3.0,1.0,5.0,62,"Split channel"
AS011,2,2017,2017-07-26,"Lookout","LO_HW_ABOVE_EOF","L1155",50,M,170,6.0,6.0,8.0,7.0,2.0,9.0,62,""
AS011,2,2017,2017-07-26,"Lookout","LO_HW_ABOVE_EOF","L1155",55,M,260,2.0,7.0,4.0,5.0,5.0,15.0,62,""
AS011,2,2017,2017-07-26,"Lookout","LO_HW_ABOVE_EOF","L1155",60,M,120,20.0,13.0,18.0,15.0,17.0,28.0,62,""
AS011,2,2017,2017-08-01,"McRae","MCRAE_HW_BELOW_ EOF","R963",0,M,660,14.0,12.0,3.0,12.0,31.0,38.0,69,""
AS011,2,2017,2017-08-01,"McRae","MCRAE_HW_BELOW_ EOF","R963",5,M,530,6.0,8.0,30.0,6.0,1.0,30.0,69,"debris jam"
AS011,2,2017,2017-08-01,"McRae","MCRAE_HW_BELOW_ EOF","R963",10,M,230,15.0,21.0,17.0,20.0,15.0,22.0,69,""
AS011,2,2017,2017-08-01,"McRae","MCRAE_HW_BELOW_ EOF","R963",15,M,250,6.0,25.0,11.0,12.0,15.0,27.0,69,""
AS011,2,2017,2017-08-01,"McRae","MCRAE_HW_BELOW_ EOF","R963",20,M,320,3.0,15.0,14.0,9.0,12.0,24.0,69,""
AS011,2,2017,2017-08-01,"McRae","MCRAE_HW_BELOW_ EOF","R963",25,M,440,7.0,1.0,9.0,1.0,2.0,9.0,69,""
AS011,2,2017,2017-08-01,"McRae","MCRAE_HW_BELOW_ EOF","R963",30,M,390,19.0,20.0,13.0,7.0,8.0,20.0,69,""
AS011,2,2017,2017-08-01,"McRae","MCRAE_HW_BELOW_ EOF","R963",35,M,240,3.0,4.0,0.5,4.0,1.0,4.0,69,""
AS011,2,2017,2017-08-01,"McRae","MCRAE_HW_BELOW_ EOF","R963",40,M,220,9.0,2.0,1.0,1.0,1.0,9.0,69,""
AS011,2,2017,2017-08-01,"McRae","MCRAE_HW_BELOW_ EOF","R963",45,M,450,5.0,15.0,10.0,4.0,1.0,20.0,69,""
AS011,2,2017,2017-08-01,"McRae","MCRAE_HW_BELOW_ EOF","R963",50,M,290,3.0,13.0,15.0,8.0,4.0,15.0,69,""
AS011,2,2017,2017-08-01,"McRae","MCRAE_HW_BELOW_ EOF","R963",55,M,460,12.0,20.0,12.0,5.0,19.0,20.0,69,""
AS011,2,2017,2017-08-01,"McRae","MCRAE_HW_BELOW_ EOF","R963",60,M,550,13.0,15.0,31.0,9.0,10.0,52.0,69,""
AS011,2,2017,2017-08-01,"McRae","MCRAE_HW_BELOW_ EOF","R963",65,M,340,8.0,8.0,3.0,10.0,1.0,10.0,69,""
AS011,2,2017,2017-08-01,"McRae","MCRAE_HW_BELOW_ EOF","R963",69,M,510,3.0,17.0,4.0,6.0,8.0,25.0,69,""
AS011,2,2017,2017-08-02,"McRae","MCRAE_HW_ABOVE_EOF","R981",0,M,580,10.0,22.0,21.0,10.0,6.0,27.0,63,""
AS011,2,2017,2017-08-02,"McRae","MCRAE_HW_ABOVE_EOF","R981",5,M,130,7.0,18.0,21.0,12.0,3.0,23.0,63,""
AS011,2,2017,2017-08-02,"McRae","MCRAE_HW_ABOVE_EOF","R981",10,M,50,3.0,4.0,2.0,5.0,1.0,5.0,63,""
AS011,2,2017,2017-08-02,"McRae","MCRAE_HW_ABOVE_EOF","R981",15,M,560,24.0,17.0,13.0,3.0,7.0,24.0,63,""
AS011,2,2017,2017-08-02,"McRae","MCRAE_HW_ABOVE_EOF","R981",20,M,770,1.0,3.0,6.0,16.0,11.0,20.0,63,""
AS011,2,2017,2017-08-02,"McRae","MCRAE_HW_ABOVE_EOF","R981",25,M,890,5.0,13.0,79.0,26.0,9.0,81.0,63,""
AS011,2,2017,2017-08-02,"McRae","MCRAE_HW_ABOVE_EOF","R981",30,M,230,1.0,11.0,14.0,10.0,3.0,14.0,63,""
AS011,2,2017,2017-08-02,"McRae","MCRAE_HW_ABOVE_EOF","R981",35,M,260,3.0,2.0,3.0,21.0,2.0,21.0,63,""
AS011,2,2017,2017-08-02,"McRae","MCRAE_HW_ABOVE_EOF","R981",40,M,110,27.0,34.0,7.0,1.0,3.0,34.0,63,""
AS011,2,2017,2017-08-02,"McRae","MCRAE_HW_ABOVE_EOF","R981",45,M,380,13.0,10.0,10.0,4.0,13.0,32.0,63,""
AS011,2,2017,2017-08-02,"McRae","MCRAE_HW_ABOVE_EOF","R981",50,M,200,7.0,4.0,2.0,3.0,1.0,7.0,63,""
AS011,2,2017,2017-08-02,"McRae","MCRAE_HW_ABOVE_EOF","R981",55,M,320,3.0,30.0,23.0,22.0,25.0,31.0,63,""
AS011,2,2017,2017-08-02,"McRae","MCRAE_HW_ABOVE_EOF","R981",60,M,260,4.0,14.0,13.0,9.0,3.0,14.0,63,""
AS011,2,2017,2017-08-02,"McRae","MCRAE_HW_ABOVE_EOF","R981",63,M,350,11.0,15.0,11.0,12.0,5.0,17.0,63,""
AS011,2,2017,2017-08-08,"McRae","MCRAE_STREON","R834",0,M,300,21.0,21.0,14.0,10.0,16.0,28.0,66,""
AS011,2,2017,2017-08-08,"McRae","MCRAE_STREON","R834",5,M,390,10.0,26.0,31.0,22.0,8.0,32.0,66,""
AS011,2,2017,2017-08-08,"McRae","MCRAE_STREON","R834",10,M,410,14.0,19.0,27.0,8.0,4.0,31.0,66,""
AS011,2,2017,2017-08-08,"McRae","MCRAE_STREON","R834",15,M,320,4.0,11.0,8.0,18.0,9.0,25.0,66,""
AS011,2,2017,2017-08-08,"McRae","MCRAE_STREON","R834",20,M,380,9.0,7.0,14.0,4.0,7.0,15.0,66,""
AS011,2,2017,2017-08-08,"McRae","MCRAE_STREON","R834",25,M,360,2.0,10.0,15.0,8.0,4.0,23.0,66,""
AS011,2,2017,2017-08-08,"McRae","MCRAE_STREON","R834",30,M,420,13.0,20.0,20.0,37.0,35.0,42.0,66,"pool"
AS011,2,2017,2017-08-08,"McRae","MCRAE_STREON","R834",35,M,450,7.0,27.0,11.0,18.0,6.0,29.0,66,""
AS011,2,2017,2017-08-08,"McRae","MCRAE_STREON","R834",40,M,380,5.0,5.0,16.0,20.0,2.0,27.0,66,""
AS011,2,2017,2017-08-08,"McRae","MCRAE_STREON","R834",45,M,280,10.0,5.0,4.0,15.0,10.0,17.0,66,""
AS011,2,2017,2017-08-08,"McRae","MCRAE_STREON","R834",50,M,420,13.0,13.0,8.0,21.0,2.0,22.0,66,""
AS011,2,2017,2017-08-08,"McRae","MCRAE_STREON","R834",55,M,590,3.0,17.0,19.0,4.0,22.0,25.0,66,""
AS011,2,2017,2017-08-08,"McRae","MCRAE_STREON","R834",60,M,480,4.0,6.0,14.0,11.0,14.0,20.0,66,""
AS011,2,2017,2017-08-08,"McRae","MCRAE_STREON","R834",65,M,440,9.0,11.0,17.0,14.0,11.0,20.0,66,""
AS011,2,2017,2017-08-10,"Lookout","LO_SCALER_CONTROL","L1003",0,M,180,1.0,4.0,13.0,16.0,11.0,17.0,65,""
AS011,2,2017,2017-08-10,"Lookout","LO_SCALER_CONTROL","L1003",5,M,380,4.0,3.0,4.0,12.0,4.0,18.0,65,""
AS011,2,2017,2017-08-10,"Lookout","LO_SCALER_CONTROL","L1003",10,M,170,3.0,4.0,2.0,3.0,4.0,6.0,65,""
AS011,2,2017,2017-08-10,"Lookout","LO_SCALER_CONTROL","L1003",15,M,260,1.0,3.0,3.0,8.0,11.0,15.0,65,"Split channel"
AS011,2,2017,2017-08-10,"Lookout","LO_SCALER_CONTROL","L1003",20,M,280,6.0,7.0,3.0,12.0,7.0,12.0,65,""
AS011,2,2017,2017-08-10,"Lookout","LO_SCALER_CONTROL","L1003",25,M,340,2.0,7.0,7.0,4.0,1.0,9.0,65,""
AS011,2,2017,2017-08-10,"Lookout","LO_SCALER_CONTROL","L1003",30,M,410,3.0,4.0,5.0,9.0,4.0,23.0,65,""
AS011,2,2017,2017-08-10,"Lookout","LO_SCALER_CONTROL","L1003",35,M,230,4.0,3.0,4.0,2.0,1.0,7.0,65,""
AS011,2,2017,2017-08-10,"Lookout","LO_SCALER_CONTROL","L1003",40,M,320,2.0,8.0,9.0,10.0,6.0,13.0,65,""
AS011,2,2017,2017-08-10,"Lookout","LO_SCALER_CONTROL","L1003",45,M,280,9.0,10.0,23.0,16.0,10.0,24.0,65,""
AS011,2,2017,2017-08-10,"Lookout","LO_SCALER_CONTROL","L1003",50,M,310,3.0,4.0,10.0,11.0,10.0,15.0,65,"Split channel"
AS011,2,2017,2017-08-10,"Lookout","LO_SCALER_CONTROL","L1003",55,M,350,15.0,17.0,10.0,3.0,9.0,20.0,65,""
AS011,2,2017,2017-08-10,"Lookout","LO_SCALER_CONTROL","L1003",60,M,80,3.0,11.0,8.0,1.0,1.0,17.0,65,""
AS011,2,2017,2017-08-10,"Lookout","LO_SCALER_CONTROL","L1003",65,M,250,10.0,10.0,14.0,4.0,2.0,15.0,65,""
AS011,2,2017,2017-08-15,"Lookout","L703_LOWER","L894",0,M,710,23.0,20.0,24.0,26.0,24.0,34.0,64,""
AS011,2,2017,2017-08-15,"Lookout","L703_LOWER","L894",5,M,890,17.0,16.0,6.0,24.0,15.0,24.0,64,""
AS011,2,2017,2017-08-15,"Lookout","L703_LOWER","L894",10,M,850,14.0,14.0,12.0,12.0,14.0,15.0,64,""
AS011,2,2017,2017-08-15,"Lookout","L703_LOWER","L894",15,M,680,25.0,18.0,13.0,17.0,15.0,28.0,64,""
AS011,2,2017,2017-08-15,"Lookout","L703_LOWER","L894",20,M,520,14.0,21.0,55.0,36.0,16.0,61.0,64,""
AS011,2,2017,2017-08-15,"Lookout","L703_LOWER","L894",25,M,570,25.0,21.0,28.0,22.0,11.0,28.0,64,"Split channel"
AS011,2,2017,2017-08-15,"Lookout","L703_LOWER","L894",30,M,730,11.0,14.0,12.0,35.0,12.0,35.0,64,""
AS011,2,2017,2017-08-15,"Lookout","L703_LOWER","L894",35,M,570,22.0,37.0,10.0,33.0,30.0,37.0,64,""
AS011,2,2017,2017-08-15,"Lookout","L703_LOWER","L894",40,M,460,31.0,35.0,38.0,28.0,70.0,45.0,64,""
AS011,2,2017,2017-08-15,"Lookout","L703_LOWER","L894",45,M,620,4.0,22.0,12.0,26.0,33.0,33.0,64,""
AS011,2,2017,2017-08-15,"Lookout","L703_LOWER","L894",50,M,680,21.0,34.0,22.0,23.0,17.0,34.0,64,""
AS011,2,2017,2017-08-15,"Lookout","L703_LOWER","L894",55,M,860,10.0,44.0,44.0,15.0,23.0,45.0,64,""
AS011,2,2017,2017-08-15,"Lookout","L703_LOWER","L894",60,M,590,17.0,20.0,25.0,22.0,14.0,30.0,64,""
AS011,2,2017,2017-08-15,"Lookout","L703_LOWER","L894",64,M,590,16.0,7.0,39.0,45.0,5.0,61.0,64,""
AS011,2,2017,2017-08-17,"Lookout","L703_UPPER","L906",0,M,710,19.0,26.0,34.0,28.0,14.0,40.0,69,""
AS011,2,2017,2017-08-17,"Lookout","L703_UPPER","L906",5,M,680,14.0,12.0,21.0,11.0,10.0,24.0,69,""
AS011,2,2017,2017-08-17,"Lookout","L703_UPPER","L906",10,M,620,14.0,16.0,33.0,30.0,18.0,33.0,69,""
AS011,2,2017,2017-08-17,"Lookout","L703_UPPER","L906",15,M,450,21.0,40.0,40.0,25.0,39.0,41.0,69,""
AS011,2,2017,2017-08-17,"Lookout","L703_UPPER","L906",20,M,530,21.0,20.0,24.0,15.0,19.0,36.0,69,""
AS011,2,2017,2017-08-17,"Lookout","L703_UPPER","L906",25,M,520,12.0,28.0,20.0,21.0,5.0,31.0,69,""
AS011,2,2017,2017-08-17,"Lookout","L703_UPPER","L906",30,M,510,6.0,20.0,34.0,15.0,10.0,35.0,69,""
AS011,2,2017,2017-08-17,"Lookout","L703_UPPER","L906",35,M,670,29.0,17.0,19.0,12.0,10.0,31.0,69,""
AS011,2,2017,2017-08-17,"Lookout","L703_UPPER","L906",40,M,670,29.0,25.0,15.0,21.0,13.0,30.0,69,""
AS011,2,2017,2017-08-17,"Lookout","L703_UPPER","L906",45,M,650,17.0,26.0,16.0,7.0,27.0,32.0,69,""
AS011,2,2017,2017-08-17,"Lookout","L703_UPPER","L906",50,M,730,9.0,20.0,13.0,27.0,35.0,37.0,69,""
AS011,2,2017,2017-08-17,"Lookout","L703_UPPER","L906",55,M,560,4.0,12.0,25.0,14.0,9.0,30.0,69,""
AS011,2,2017,2017-08-17,"Lookout","L703_UPPER","L906",60,M,480,20.0,37.0,25.0,43.0,64.0,60.0,69,""
AS011,2,2017,2017-08-17,"Lookout","L703_UPPER","L906",65,M,460,34.0,32.0,38.0,19.0,3.0,41.0,69,""
AS011,2,2017,2017-08-17,"Lookout","L703_UPPER","L906",69,M,630,37.0,26.0,17.0,28.0,19.0,45.0,69,""
AS011,2,2017,2017-08-23,"McRae","M404_LOWER","R620",0,M,630,18.0,8.0,17.0,19.0,20.0,23.0,60,""
AS011,2,2017,2017-08-23,"McRae","M404_LOWER","R620",5,M,960,14.0,5.0,42.0,35.0,44.0,63.0,60,""
AS011,2,2017,2017-08-23,"McRae","M404_LOWER","R620",10,M,1030,17.0,5.0,5.0,11.0,4.0,23.0,60,""
AS011,2,2017,2017-08-23,"McRae","M404_LOWER","R620",15,M,870,5.0,5.0,35.0,9.0,10.0,36.0,60,""
AS011,2,2017,2017-08-23,"McRae","M404_LOWER","R620",20,M,690,7.0,25.0,11.0,9.0,15.0,30.0,60,""
AS011,2,2017,2017-08-23,"McRae","M404_LOWER","R620",25,M,740,4.0,9.0,23.0,17.0,10.0,25.0,60,""
AS011,2,2017,2017-08-23,"McRae","M404_LOWER","R620",30,M,600,13.0,21.0,24.0,18.0,4.0,28.0,60,""
AS011,2,2017,2017-08-23,"McRae","M404_LOWER","R620",35,M,440,9.0,27.0,49.0,26.0,9.0,51.0,60,""
AS011,2,2017,2017-08-23,"McRae","M404_LOWER","R620",40,M,420,14.0,31.0,23.0,11.0,7.0,32.0,60,""
AS011,2,2017,2017-08-23,"McRae","M404_LOWER","R620",45,M,410,10.0,18.0,26.0,12.0,7.0,29.0,60,"trib entering"
AS011,2,2017,2017-08-23,"McRae","M404_LOWER","R620",50,M,600,9.0,13.0,15.0,16.0,6.0,17.0,60,""
AS011,2,2017,2017-08-23,"McRae","M404_LOWER","R620",55,M,540,13.0,16.0,4.0,16.0,6.0,17.0,60,""
AS011,2,2017,2017-08-23,"McRae","M404_LOWER","R620",60,M,610,11.0,9.0,24.0,4.0,12.0,27.0,60,""
AS011,2,2017,2017-08-23,"McRae","M404_UPPER","R631",0,M,420,11.0,32.0,22.0,19.0,14.0,34.0,63,""
AS011,2,2017,2017-08-23,"McRae","M404_UPPER","R631",5,M,630,10.0,8.0,20.0,21.0,14.0,25.0,63,""
AS011,2,2017,2017-08-23,"McRae","M404_UPPER","R631",10,M,660,8.0,7.0,19.0,61.0,11.0,64.0,63,""
AS011,2,2017,2017-08-23,"McRae","M404_UPPER","R631",15,M,1050,17.0,4.0,23.0,18.0,30.0,32.0,63,""
AS011,2,2017,2017-08-23,"McRae","M404_UPPER","R631",20,M,1180,19.0,16.0,33.0,13.0,14.0,40.0,63,"1.5m boulder"
AS011,2,2017,2017-08-23,"McRae","M404_UPPER","R631",25,M,920,10.0,6.0,10.0,20.0,17.0,21.0,63,""
AS011,2,2017,2017-08-23,"McRae","M404_UPPER","R631",30,M,910,3.0,9.0,13.0,14.0,14.0,15.0,63,""
AS011,2,2017,2017-08-23,"McRae","M404_UPPER","R631",35,M,670,13.0,15.0,14.0,35.0,13.0,37.0,63,"Split channel"
AS011,2,2017,2017-08-23,"McRae","M404_UPPER","R631",40,M,620,20.0,19.0,3.0,5.0,25.0,25.0,63,"1.5m boulder"
AS011,2,2017,2017-08-23,"McRae","M404_UPPER","R631",45,M,680,26.0,24.0,20.0,6.0,16.0,41.0,63,"under big log, side pool cuts up and around log"
AS011,2,2017,2017-08-23,"McRae","M404_UPPER","R631",50,M,880,32.0,37.0,15.0,6.0,26.0,42.0,63,""
AS011,2,2017,2017-08-23,"McRae","M404_UPPER","R631",55,M,440,6.0,14.0,20.0,9.0,10.0,25.0,63,""
AS011,2,2017,2017-08-23,"McRae","M404_UPPER","R631",60,M,510,7.0,14.0,16.0,8.0,2.0,17.0,63,""
AS011,2,2017,2017-08-23,"McRae","M404_UPPER","R631",63,M,510,12.0,10.0,16.0,11.0,8.0,18.0,63,""
AS011,2,2017,2017-08-29,"Mack","MACK_HW_BELOW_EOF","M864",0,M,570,15.0,16.0,9.0,10.0,4.0,18.0,76,""
AS011,2,2017,2017-08-29,"Mack","MACK_HW_BELOW_EOF","M864",5,M,710,6.0,17.0,13.0,5.0,3.0,25.0,76,""
AS011,2,2017,2017-08-29,"Mack","MACK_HW_BELOW_EOF","M864",10,M,760,8.0,16.0,15.0,9.0,7.0,19.0,76,""
AS011,2,2017,2017-08-29,"Mack","MACK_HW_BELOW_EOF","M864",15,M,800,28.0,20.0,13.0,27.0,17.0,30.0,76,""
AS011,2,2017,2017-08-29,"Mack","MACK_HW_BELOW_EOF","M864",20,M,680,6.0,7.0,24.0,15.0,18.0,26.0,76,""
AS011,2,2017,2017-08-29,"Mack","MACK_HW_BELOW_EOF","M864",25,M,450,11.0,14.0,15.0,25.0,19.0,25.0,76,"Split channel"
AS011,2,2017,2017-08-29,"Mack","MACK_HW_BELOW_EOF","M864",30,M,610,4.0,30.0,31.0,17.0,4.0,32.0,76,""
AS011,2,2017,2017-08-29,"Mack","MACK_HW_BELOW_EOF","M864",35,M,300,19.0,11.0,14.0,26.0,20.0,27.0,76,"1.7 m boulder in channel"
AS011,2,2017,2017-08-29,"Mack","MACK_HW_BELOW_EOF","M864",40,M,310,13.0,18.0,21.0,15.0,22.0,25.0,76,""
AS011,2,2017,2017-08-29,"Mack","MACK_HW_BELOW_EOF","M864",45,M,180,40.0,25.0,19.0,29.0,9.0,45.0,76,""
AS011,2,2017,2017-08-29,"Mack","MACK_HW_BELOW_EOF","M864",50,M,820,32.0,12.0,19.0,3.0,3.0,34.0,76,""
AS011,2,2017,2017-08-29,"Mack","MACK_HW_BELOW_EOF","M864",55,M,610,19.0,28.0,42.0,26.0,18.0,64.0,76,""
AS011,2,2017,2017-08-29,"Mack","MACK_HW_BELOW_EOF","M864",60,M,230,4.0,9.0,9.0,9.0,2.0,12.0,76,""
AS011,2,2017,2017-08-29,"Mack","MACK_HW_BELOW_EOF","M864",65,M,410,18.0,5.0,3.0,7.0,13.0,20.0,76,"1.2 m boulder"
AS011,2,2017,2017-08-29,"Mack","MACK_HW_BELOW_EOF","M864",70,M,720,49.0,35.0,24.0,8.0,19.0,50.0,76,""
AS011,2,2017,2017-08-29,"Mack","MACK_HW_BELOW_EOF","M864",75,M,430,10.0,9.0,6.0,9.0,8.0,12.0,76,""
AS011,2,2017,2017-08-30,"Mack","MACK_HW_ABOVE_EOF","M881",0,M,240,7.0,9.0,7.0,1.0,2.0,17.0,60,""
AS011,2,2017,2017-08-30,"Mack","MACK_HW_ABOVE_EOF","M881",5,M,310,28.0,54.0,48.0,50.0,34.0,55.0,60,""
AS011,2,2017,2017-08-30,"Mack","MACK_HW_ABOVE_EOF","M881",10,M,320,5.0,7.0,5.0,15.0,6.0,23.0,60,""
AS011,2,2017,2017-08-30,"Mack","MACK_HW_ABOVE_EOF","M881",15,M,260,21.0,15.0,13.0,10.0,3.0,30.0,60,""
AS011,2,2017,2017-08-30,"Mack","MACK_HW_ABOVE_EOF","M881",20,M,340,5.0,11.0,12.0,8.0,3.0,14.0,60,"Split channel"
AS011,2,2017,2017-08-30,"Mack","MACK_HW_ABOVE_EOF","M881",25,M,330,4.0,5.0,18.0,7.0,5.0,19.0,60,""
AS011,2,2017,2017-08-30,"Mack","MACK_HW_ABOVE_EOF","M881",30,M,610,20.0,9.0,7.0,7.0,46.0,68.0,60,""
AS011,2,2017,2017-08-30,"Mack","MACK_HW_ABOVE_EOF","M881",35,M,610,16.0,16.0,14.0,8.0,5.0,19.0,60,""
AS011,2,2017,2017-08-30,"Mack","MACK_HW_ABOVE_EOF","M881",40,M,730,8.0,24.0,5.0,21.0,4.0,25.0,60,""
AS011,2,2017,2017-08-30,"Mack","MACK_HW_ABOVE_EOF","M881",45,M,390,17.0,15.0,20.0,10.0,8.0,27.0,60,"Split channel"
AS011,2,2017,2017-08-30,"Mack","MACK_HW_ABOVE_EOF","M881",50,M,740,30.0,19.0,14.0,5.0,6.0,37.0,60,""
AS011,2,2017,2017-08-30,"Mack","MACK_HW_ABOVE_EOF","M881",55,M,370,63.0,55.0,18.0,39.0,47.0,65.0,60,""
AS011,2,2017,2017-08-30,"Mack","MACK_HW_ABOVE_EOF","M881",60,M,430,4.0,10.0,27.0,20.0,20.0,30.0,60,""
AS011,2,2018,2018-07-12,"McRae","MCRAE_SCALER_ADD","R556",0,M,560,7.1,21.5,30.4,20.9,5.3,35.1,65,"1.5m travel bar, 0=bottom net"
AS011,2,2018,2018-07-12,"McRae","MCRAE_SCALER_ADD","R556",5,M,380,20.8,28.5,28.2,31.2,29.5,33.6,65,""
AS011,2,2018,2018-07-12,"McRae","MCRAE_SCALER_ADD","R556",10,M,380,7.9,35.8,30.5,37.6,3.5,35.8,65,""
AS011,2,2018,2018-07-12,"McRae","MCRAE_SCALER_ADD","R556",15,M,450,5.6,12.3,20.6,17.4,8.7,20.6,65,""
AS011,2,2018,2018-07-12,"McRae","MCRAE_SCALER_ADD","R556",20,M,680,3.2,5.7,14.2,23.5,10.9,23.5,65,""
AS011,2,2018,2018-07-12,"McRae","MCRAE_SCALER_ADD","R556",25,M,590,10.8,5.0,25.3,13.1,4.2,25.3,65,""
AS011,2,2018,2018-07-12,"McRae","MCRAE_SCALER_ADD","R556",30,M,1000,8.5,16.3,12.2,29.1,10.6,29.1,65,""
AS011,2,2018,2018-07-12,"McRae","MCRAE_SCALER_ADD","R556",35,M,670,3.4,11.1,13.8,26.1,4.2,26.1,65,""
AS011,2,2018,2018-07-12,"McRae","MCRAE_SCALER_ADD","R556",40,M,520,3.8,19.8,27.4,37.0,11.1,37.0,65,""
AS011,2,2018,2018-07-12,"McRae","MCRAE_SCALER_ADD","R556",45,M,510,9.9,10.5,15.0,23.8,24.5,24.5,65,""
AS011,2,2018,2018-07-12,"McRae","MCRAE_SCALER_ADD","R556",50,M,710,10.0,17.5,18.8,27.4,27.5,27.5,65,""
AS011,2,2018,2018-07-12,"McRae","MCRAE_SCALER_ADD","R556",55,M,600,6.0,16.3,25.7,21.2,25.7,25.7,65,""
AS011,2,2018,2018-07-12,"McRae","MCRAE_SCALER_ADD","R556",60,M,530,11.6,19.5,14.5,22.5,22.5,22.5,65,""
AS011,2,2018,2018-07-12,"McRae","MCRAE_SCALER_ADD","R556",65,M,440,4.7,21.8,25.5,13.3,25.5,25.5,65,""
AS011,2,2018,2018-07-12,"McRae","MCRAE_SCALER_DEPL","R557",0,M,440,11.9,55.4,64.8,33.8,16.3,64.8,70,"Net #3 bottom of depletion"
AS011,2,2018,2018-07-12,"McRae","MCRAE_SCALER_DEPL","R557",5,M,470,16.5,11.4,10.7,11.2,9.7,20.3,70,""
AS011,2,2018,2018-07-12,"McRae","MCRAE_SCALER_DEPL","R557",10,M,500,26.4,35.6,32.0,4.3,17.5,36.6,70,""
AS011,2,2018,2018-07-12,"McRae","MCRAE_SCALER_DEPL","R557",15,M,340,14.2,12.7,26.9,15.2,6.4,27.7,70,""
AS011,2,2018,2018-07-12,"McRae","MCRAE_SCALER_DEPL","R557",20,M,410,29.2,28.4,24.1,21.6,7.4,30.2,70,""
AS011,2,2018,2018-07-12,"McRae","MCRAE_SCALER_DEPL","R557",25,M,450,11.7,14.0,14.5,9.9,6.4,27.9,70,""
AS011,2,2018,2018-07-12,"McRae","MCRAE_SCALER_DEPL","R557",30,M,430,4.0,14.2,19.2,14.3,10.0,23.8,70,""
AS011,2,2018,2018-07-12,"McRae","MCRAE_SCALER_DEPL","R557",35,M,420,10.7,11.8,7.0,14.6,11.8,15.0,70,""
AS011,2,2018,2018-07-12,"McRae","MCRAE_SCALER_DEPL","R557",40,M,700,11.7,9.8,13.5,9.5,6.8,18.6,70,""
AS011,2,2018,2018-07-12,"McRae","MCRAE_SCALER_DEPL","R557",45,M,630,13.9,11.6,16.2,12.7,8.2,23.1,70,""
AS011,2,2018,2018-07-12,"McRae","MCRAE_SCALER_DEPL","R557",50,M,620,9.0,14.2,12.0,14.8,3.9,21.4,70,""
AS011,2,2018,2018-07-12,"McRae","MCRAE_SCALER_DEPL","R557",55,M,1070,1.0,5.8,20.8,11.3,7.5,24.9,70,""
AS011,2,2018,2018-07-12,"McRae","MCRAE_SCALER_DEPL","R557",60,M,730,7.7,9.8,12.9,15.7,4.0,20.5,70,"0.8m gravel bar"
AS011,2,2018,2018-07-12,"McRae","MCRAE_SCALER_DEPL","R557",65,M,460,3.9,7.6,14.6,15.0,22.5,22.5,70,""
AS011,2,2018,2018-07-12,"McRae","MCRAE_SCALER_DEPL","R557",70,M,720,13.0,12.4,8.0,17.0,16.2,23.1,70,""
AS011,2,2018,2018-07-17,"McRae","MCRAE_SCALER_CONTROL","R558",0,M,740,16.9,11.0,8.0,14.5,14.1,20.7,75,""
AS011,2,2018,2018-07-17,"McRae","MCRAE_SCALER_CONTROL","R558",5,M,660,13.3,11.8,6.0,4.8,6.5,14.5,75,""
AS011,2,2018,2018-07-17,"McRae","MCRAE_SCALER_CONTROL","R558",10,M,790,14.0,8.3,8.0,4.8,8.0,20.0,75,""
AS011,2,2018,2018-07-17,"McRae","MCRAE_SCALER_CONTROL","R558",15,M,500,12.5,22.0,13.6,9.0,8.8,26.8,75,""
AS011,2,2018,2018-07-17,"McRae","MCRAE_SCALER_CONTROL","R558",20,M,480,5.2,7.8,19.5,11.3,2.5,21.3,75,"Side pool: 1.2m  max depth: 15cm  Length: 4.1m"
AS011,2,2018,2018-07-17,"McRae","MCRAE_SCALER_CONTROL","R558",25,M,450,9.0,13.4,23.8,15.8,7.6,23.8,75,""
AS011,2,2018,2018-07-17,"McRae","MCRAE_SCALER_CONTROL","R558",30,M,390,3.5,6.6,15.9,22.5,19.8,25.0,75,""
AS011,2,2018,2018-07-17,"McRae","MCRAE_SCALER_CONTROL","R558",35,M,310,17.1,17.8,27.2,8.3,7.5,29.5,75,""
AS011,2,2018,2018-07-17,"McRae","MCRAE_SCALER_CONTROL","R558",40,M,380,5.3,6.5,13.1,13.0,5.8,21.2,75,""
AS011,2,2018,2018-07-17,"McRae","MCRAE_SCALER_CONTROL","R558",45,M,410,5.8,14.4,16.2,11.0,12.6,23.0,75,""
AS011,2,2018,2018-07-17,"McRae","MCRAE_SCALER_CONTROL","R558",50,M,470,4.8,9.5,12.8,16.5,12.6,23.6,75,""
AS011,2,2018,2018-07-17,"McRae","MCRAE_SCALER_CONTROL","R558",55,M,470,6.2,20.6,20.2,20.8,9.0,29.2,75,""
AS011,2,2018,2018-07-17,"McRae","MCRAE_SCALER_CONTROL","R558",60,M,300,16.9,18.8,20.9,32.0,36.8,37.9,75,""
AS011,2,2018,2018-07-17,"McRae","MCRAE_SCALER_CONTROL","R558",65,M,380,15.2,16.9,26.0,21.9,16.4,27.9,75,""
AS011,2,2018,2018-07-17,"McRae","MCRAE_SCALER_CONTROL","R558",70,M,350,5.3,16.2,22.4,27.2,10.8,27.2,75,""
AS011,2,2018,2018-07-17,"McRae","MCRAE_SCALER_CONTROL","R558",75,M,300,13.0,26.9,19.8,10.3,5.4,30.4,75,""
AS011,2,2018,2018-07-18,"Lookout","LO_SCALER_CONTROL","L1003",0,1,80,1.2,2.7,1.6,0.0,0.0,2.7,65,"top net, channel broken in 2"
AS011,2,2018,2018-07-18,"Lookout","LO_SCALER_CONTROL","L1003",0,2,110,2.1,7.6,5.9,0.0,0.0,7.8,65,"4.9m gravel bar"
AS011,2,2018,2018-07-18,"Lookout","LO_SCALER_CONTROL","L1003",5,M,570,6.5,19.9,15.0,20.5,3.9,20.5,65,"high interstital flow"
AS011,2,2018,2018-07-18,"Lookout","LO_SCALER_CONTROL","L1003",10,M,570,3.9,13.5,6.4,36.0,8.2,31.0,65,"high interstital flow"
AS011,2,2018,2018-07-18,"Lookout","LO_SCALER_CONTROL","L1003",15,M,250,10.2,20.9,2.8,56.0,4.0,20.9,65,""
AS011,2,2018,2018-07-18,"Lookout","LO_SCALER_CONTROL","L1003",20,M,240,8.8,17.0,10.5,39.0,13.7,19.0,65,""
AS011,2,2018,2018-07-18,"Lookout","LO_SCALER_CONTROL","L1003",25,M,280,4.0,13.4,9.9,20.0,6.1,15.5,65,""
AS011,2,2018,2018-07-18,"Lookout","LO_SCALER_CONTROL","L1003",30,1,180,11.5,27.5,42.0,20.0,6.5,46.5,65,"broken into 2 pools"
AS011,2,2018,2018-07-18,"Lookout","LO_SCALER_CONTROL","L1003",35,3,160,0.5,16.3,8.2,7.2,3.3,14.5,65,"3.3m gravel bar"
AS011,2,2018,2018-07-18,"Lookout","LO_SCALER_CONTROL","L1003",40,1,340,8.5,10.0,7.1,10.2,0.8,11.5,65,"3.2m gravel bar"
AS011,2,2018,2018-07-18,"Lookout","LO_SCALER_CONTROL","L1003",40,2,370,1.0,2.5,6.1,6.6,1.5,10.5,65,"3.2m gravel bar"
AS011,2,2018,2018-07-18,"Lookout","LO_SCALER_CONTROL","L1003",45,1,290,9.4,15.0,19.0,7.1,2.5,17.0,65,"3.6m gravel bar"
AS011,2,2018,2018-07-18,"Lookout","LO_SCALER_CONTROL","L1003",45,2,300,3.3,4.4,22.5,8.6,4.1,23.0,65,"3.6m gravel bar"
AS011,2,2018,2018-07-18,"Lookout","LO_SCALER_CONTROL","L1003",50,M,480,6.6,5.0,19.6,11.7,3.8,24.0,65,"confluence of braided channels, .9m bar"
AS011,2,2018,2018-07-18,"Lookout","LO_SCALER_CONTROL","L1003",55,M,540,2.2,5.0,14.4,10.7,6.2,15.0,65,""
AS011,2,2018,2018-07-18,"Lookout","LO_SCALER_CONTROL","L1003",60,M,370,8.0,27.0,14.9,18.6,11.0,31.5,65,""
AS011,2,2018,2018-07-18,"Lookout","LO_SCALER_CONTROL","L1003",65,M,310,6.8,17.6,7.4,9.3,6.3,19.5,65,""
AS011,2,2018,2018-07-19,"Lookout","LO_SCALER_CONTROL","L1003",30,2,350,7.2,22.5,30.5,13.4,12.4,30.8,65,".9m gravel bar"
AS011,2,2018,2018-07-20,"Lookout","LO_SCALER_CONTROL","L1003",35,1,80,2.5,4.5,0.5,0.0,0.0,4.5,65,"broken into 3 channels, lots of LWD, interstitial flow"
AS011,2,2018,2018-07-21,"Lookout","LO_SCALER_CONTROL","L1003",35,2,190,2.8,3.9,7.4,0.0,0.0,17.0,65,"2.6m gravel bar"
AS011,2,2018,2018-07-24,"Lookout","LO_HW_BELOW_EOF","L1129",0,M,140,3.4,14.0,9.6,8.1,1.9,15.6,85,""
AS011,2,2018,2018-07-24,"Lookout","LO_HW_BELOW_EOF","L1129",5,M,110,3.0,7.0,5.4,2.2,0.8,7.2,85,""
AS011,2,2018,2018-07-24,"Lookout","LO_HW_BELOW_EOF","L1129",10,M,90,1.4,2.6,1.4,5.9,2.3,8.7,85,""
AS011,2,2018,2018-07-24,"Lookout","LO_HW_BELOW_EOF","L1129",15,M,350,2.9,13.3,18.4,7.3,3.9,18.4,85,""
AS011,2,2018,2018-07-24,"Lookout","LO_HW_BELOW_EOF","L1129",20,M,110,8.5,4.9,8.3,11.7,6.4,12.4,85,""
AS011,2,2018,2018-07-24,"Lookout","LO_HW_BELOW_EOF","L1129",25,M,260,3.6,2.5,3.7,8.0,5.5,8.8,85,""
AS011,2,2018,2018-07-24,"Lookout","LO_HW_BELOW_EOF","L1129",30,M,160,3.5,2.8,1.4,1.5,3.4,4.1,85,""
AS011,2,2018,2018-07-24,"Lookout","LO_HW_BELOW_EOF","L1129",35,M,270,39.8,48.9,38.6,18.6,10.3,50.7,85,""
AS011,2,2018,2018-07-24,"Lookout","LO_HW_BELOW_EOF","L1129",40,M,140,0.8,3.0,3.5,5.4,3.5,5.6,85,""
AS011,2,2018,2018-07-24,"Lookout","LO_HW_BELOW_EOF","L1129",45,M,310,9.5,2.0,2.6,6.3,2.8,11.1,85,"1m gravel bar"
AS011,2,2018,2018-07-24,"Lookout","LO_HW_BELOW_EOF","L1129",50,M,230,1.0,7.6,17.0,27.3,17.1,38.0,85,""
AS011,2,2018,2018-07-24,"Lookout","LO_HW_BELOW_EOF","L1129",55,M,90,0.8,6.4,6.3,2.5,1.1,6.6,85,""
AS011,2,2018,2018-07-24,"Lookout","LO_HW_BELOW_EOF","L1129",60,M,200,2.7,8.6,2.6,7.0,2.1,13.0,85,""
AS011,2,2018,2018-07-24,"Lookout","LO_HW_BELOW_EOF","L1129",65,M,220,1.2,3.0,3.6,9.7,1.6,15.7,85,""
AS011,2,2018,2018-07-24,"Lookout","LO_HW_BELOW_EOF","L1129",70,M,160,9.4,5.5,6.9,5.6,2.1,9.4,85,""
AS011,2,2018,2018-07-25,"Lookout","LO_HW_ABOVE_EOF","L1155",0,M,90,0.4,1.0,0.5,1.8,3.2,5.0,80,"low flow, mostly interstitial"
AS011,2,2018,2018-07-25,"Lookout","LO_HW_ABOVE_EOF","L1155",5,M,140,0.4,0.4,2.0,0.0,0.0,3.2,80,"large boulders"
AS011,2,2018,2018-07-25,"Lookout","LO_HW_ABOVE_EOF","L1155",10,M,380,0.8,1.5,1.8,1.0,2.8,3.8,80,"large boulders"
AS011,2,2018,2018-07-25,"Lookout","LO_HW_ABOVE_EOF","L1155",15,M,260,5.2,2.9,1.2,0.0,0.0,6.1,80,"large woody debris 1.9m"
AS011,2,2018,2018-07-25,"Lookout","LO_HW_ABOVE_EOF","L1155",20,M,0,0.0,0.0,0.0,0.0,0.0,0.0,80,"no water"
AS011,2,2018,2018-07-25,"Lookout","LO_HW_ABOVE_EOF","L1155",25,M,280,1.5,2.3,2.0,6.1,4.0,9.6,80,""
AS011,2,2018,2018-07-25,"Lookout","LO_HW_ABOVE_EOF","L1155",30,M,110,0.8,4.7,9.8,0.0,0.0,10.3,80,"gravel bar?"
AS011,2,2018,2018-07-25,"Lookout","LO_HW_ABOVE_EOF","L1155",35,M,220,5.5,11.6,2.8,3.8,2.7,12.1,80,""
AS011,2,2018,2018-07-25,"Lookout","LO_HW_ABOVE_EOF","L1155",40,M,170,11.6,14.2,9.0,21.2,8.5,21.2,80,""
AS011,2,2018,2018-07-25,"Lookout","LO_HW_ABOVE_EOF","L1155",45,M,240,1.8,9.5,13.1,4.8,11.0,16.3,80,""
AS011,2,2018,2018-07-25,"Lookout","LO_HW_ABOVE_EOF","L1155",50,M,180,0.8,11.2,6.2,2.8,2.8,11.5,80,""
AS011,2,2018,2018-07-25,"Lookout","LO_HW_ABOVE_EOF","L1155",55,M,0,0.0,0.0,0.0,0.0,0.0,0.0,80,"no water"
AS011,2,2018,2018-07-25,"Lookout","LO_HW_ABOVE_EOF","L1155",60,M,440,6.1,9.5,2.6,0.8,0.5,10.1,80,""
AS011,2,2018,2018-07-25,"Lookout","LO_HW_ABOVE_EOF","L1155",65,M,150,0.5,0.4,1.3,0.0,0.0,1.3,80,"large woody debris"
AS011,2,2018,2018-07-25,"Lookout","LO_HW_ABOVE_EOF","L1155",70,M,230,1.7,4.8,4.0,0.0,0.0,9.3,80,"gravel bar?"
AS011,2,2018,2018-07-25,"Lookout","LO_HW_ABOVE_EOF","L1155",75,M,320,3.0,2.8,3.1,0.0,0.0,5.0,80,"gravel bar?"
AS011,2,2018,2018-07-25,"Lookout","LO_HW_ABOVE_EOF","L1155",80,M,250,4.8,1.0,2.9,0.0,0.0,5.8,80,"1.8m gravel bar"
AS011,2,2018,2018-07-25,"Lookout","LO_HW_BELOW_EOF","L1129",75,M,240,8.4,4.1,6.8,4.9,8.1,10.0,85,""
AS011,2,2018,2018-07-26,"Lookout","LO_HW_BELOW_EOF","L1129",80,M,160,3.8,3.6,9.9,4.1,4.5,10.0,85,""
AS011,2,2018,2018-07-31,"McRae","MCRAE_HW_BELOW_ EOF","R963",0,M,160,4.0,5.0,10.1,6.5,3.1,11.2,70,""
AS011,2,2018,2018-07-31,"McRae","MCRAE_HW_BELOW_ EOF","R963",5,M,300,1.8,3.1,5.0,6.5,6.8,7.0,70,"debris jam"
AS011,2,2018,2018-07-31,"McRae","MCRAE_HW_BELOW_ EOF","R963",10,M,220,7.0,7.1,7.5,6.0,6.4,23.5,70,"section of bedrcok"
AS011,2,2018,2018-07-31,"McRae","MCRAE_HW_BELOW_ EOF","R963",15,M,440,0.4,18.5,26.8,25.8,7.9,29.0,70,"large pool beneath bedrock slab"
AS011,2,2018,2018-07-31,"McRae","MCRAE_HW_BELOW_ EOF","R963",20,M,440,4.4,1.2,9.5,0.3,3.3,9.5,70,"mostly ~90% bedrock"
AS011,2,2018,2018-07-31,"McRae","MCRAE_HW_BELOW_ EOF","R963",25,M,560,3.2,17.9,23.5,8.9,3.0,27.0,70,"pool behind bedrock slab"
AS011,2,2018,2018-07-31,"McRae","MCRAE_HW_BELOW_ EOF","R963",30,M,270,4.5,2.3,6.5,2.8,5.0,6.5,70,""
AS011,2,2018,2018-07-31,"McRae","MCRAE_HW_BELOW_ EOF","R963",35,M,200,3.0,0.5,0.4,4.0,10.5,10.5,70,"bedrock section"
AS011,2,2018,2018-07-31,"McRae","MCRAE_HW_BELOW_ EOF","R963",40,M,360,16.9,6.8,13.2,9.8,0.6,20.8,70,""
AS011,2,2018,2018-07-31,"McRae","MCRAE_HW_BELOW_ EOF","R963",45,M,170,1.2,6.6,6.8,14.1,11.3,17.3,70,""
AS011,2,2018,2018-07-31,"McRae","MCRAE_HW_BELOW_ EOF","R963",50,M,230,13.5,13.3,15.6,12.6,1.8,18.5,70,""
AS011,2,2018,2018-07-31,"McRae","MCRAE_HW_BELOW_ EOF","R963",55,M,360,3.7,38.2,23.8,13.5,6.9,45.0,70,""
AS011,2,2018,2018-07-31,"McRae","MCRAE_HW_BELOW_ EOF","R963",60,M,410,24.0,32.5,28.8,40.1,12.9,52.1,70,""
AS011,2,2018,2018-07-31,"McRae","MCRAE_HW_BELOW_ EOF","R963",65,M,420,1.8,3.9,5.1,8.1,10.3,14.5,70,"interstitial flow high"
AS011,2,2018,2018-07-31,"McRae","MCRAE_HW_BELOW_ EOF","R963",70,M,580,20.6,11.8,2.9,5.9,13.9,21.4,70,""
AS011,2,2018,2018-08-01,"McRae","MCRAE_HW_ABOVE_EOF","R981",0,M,240,10.4,12.7,12.9,9.7,4.2,21.0,70,""
AS011,2,2018,2018-08-01,"McRae","MCRAE_HW_ABOVE_EOF","R981",5,M,130,5.8,13.9,16.9,9.3,4.8,16.9,70,""
AS011,2,2018,2018-08-01,"McRae","MCRAE_HW_ABOVE_EOF","R981",10,M,440,28.8,18.6,1.9,6.4,6.2,33.0,70,"bedrock flume"
AS011,2,2018,2018-08-01,"McRae","MCRAE_HW_ABOVE_EOF","R981",15,M,540,4.8,11.7,2.9,3.1,9.9,11.7,70,"shallow bedrock flow"
AS011,2,2018,2018-08-01,"McRae","MCRAE_HW_ABOVE_EOF","R981",20,M,770,4.5,3.2,15.2,18.7,6.9,18.9,70,"2.6m gravel bar"
AS011,2,2018,2018-08-01,"McRae","MCRAE_HW_ABOVE_EOF","R981",25,M,260,2.4,0.4,19.4,1.7,3.8,20.6,70,"deep pool beneath bedrock falls"
AS011,2,2018,2018-08-01,"McRae","MCRAE_HW_ABOVE_EOF","R981",30,M,110,23.5,27.4,17.7,10.2,2.2,31.6,70,""
AS011,2,2018,2018-08-01,"McRae","MCRAE_HW_ABOVE_EOF","R981",35,M,340,5.8,2.3,6.6,14.7,3.9,13.0,70,""
AS011,2,2018,2018-08-01,"McRae","MCRAE_HW_ABOVE_EOF","R981",40,M,180,10.4,17.7,5.7,6.4,1.4,19.1,70,""
AS011,2,2018,2018-08-01,"McRae","MCRAE_HW_ABOVE_EOF","R981",45,M,400,7.4,60.0,9.9,13.8,6.9,60.0,70,""
AS011,2,2018,2018-08-01,"McRae","MCRAE_HW_ABOVE_EOF","R981",50,M,160,4.4,7.6,10.2,9.3,1.5,11.4,70,""
AS011,2,2018,2018-08-01,"McRae","MCRAE_HW_ABOVE_EOF","R981",55,M,290,7.0,13.6,9.4,22.0,27.2,29.3,70,"log jam of freshly fallen trees within reach"
AS011,2,2018,2018-08-01,"McRae","MCRAE_HW_ABOVE_EOF","R981",60,M,300,24.2,14.0,12.6,48.0,33.5,48.3,70,""
AS011,2,2018,2018-08-01,"McRae","MCRAE_HW_ABOVE_EOF","R981",65,M,290,3.1,9.2,13.8,23.3,3.7,28.1,70,""
AS011,2,2018,2018-08-01,"McRae","MCRAE_HW_ABOVE_EOF","R981",70,M,300,5.8,2.2,6.8,7.7,6.4,10.7,70,""
AS011,2,2018,2018-08-08,"McRae","MCRAE_BELOW_CULVERT","R818",0,M,430,10.5,41.5,37.3,23.0,5.4,47.5,85,""
AS011,2,2018,2018-08-08,"McRae","MCRAE_BELOW_CULVERT","R818",5,M,430,6.4,10.2,8.8,9.2,3.6,18.7,85,""
AS011,2,2018,2018-08-08,"McRae","MCRAE_BELOW_CULVERT","R818",10,M,340,4.8,11.5,15.4,8.7,4.4,26.2,85,""
AS011,2,2018,2018-08-08,"McRae","MCRAE_BELOW_CULVERT","R818",15,M,370,1.8,6.6,10.0,11.3,17.1,20.0,85,""
AS011,2,2018,2018-08-08,"McRae","MCRAE_BELOW_CULVERT","R818",20,M,380,7.5,15.3,16.4,15.8,5.0,17.9,85,""
AS011,2,2018,2018-08-08,"McRae","MCRAE_BELOW_CULVERT","R818",25,M,360,13.5,42.5,33.0,26.0,15.6,45.0,85,""
AS011,2,2018,2018-08-08,"McRae","MCRAE_BELOW_CULVERT","R818",30,M,200,14.6,23.4,23.4,14.2,22.8,29.0,85,""
AS011,2,2018,2018-08-08,"McRae","MCRAE_BELOW_CULVERT","R818",35,M,650,29.1,9.5,10.9,21.6,5.2,30.9,85,""
AS011,2,2018,2018-08-08,"McRae","MCRAE_BELOW_CULVERT","R818",40,M,450,22.5,17.5,22.5,16.8,24.0,41.5,85,""
AS011,2,2018,2018-08-08,"McRae","MCRAE_BELOW_CULVERT","R818",45,M,380,6.0,17.1,18.7,16.0,15.0,22.0,85,""
AS011,2,2018,2018-08-08,"McRae","MCRAE_BELOW_CULVERT","R818",50,M,490,7.1,7.6,10.7,11.4,7.0,20.3,85,""
AS011,2,2018,2018-08-08,"McRae","MCRAE_BELOW_CULVERT","R818",55,M,470,14.5,18.6,15.4,8.0,3.5,18.6,85,""
AS011,2,2018,2018-08-08,"McRae","MCRAE_BELOW_CULVERT","R818",60,M,460,9.0,15.3,4.8,14.1,6.0,20.6,85,""
AS011,2,2018,2018-08-08,"McRae","MCRAE_BELOW_CULVERT","R818",65,M,550,6.9,8.7,4.5,10.0,12.7,20.2,85,""
AS011,2,2018,2018-08-08,"McRae","MCRAE_BELOW_CULVERT","R818",70,M,810,11.9,22.0,29.2,29.4,26.1,47.2,85,"gravel bar 2.2 m"
AS011,2,2018,2018-08-08,"McRae","MCRAE_BELOW_CULVERT","R818",75,M,770,8.4,8.4,7.7,12.2,8.1,20.6,85,""
AS011,2,2018,2018-08-08,"McRae","MCRAE_BELOW_CULVERT","R818",80,M,550,7.2,20.5,27.2,8.5,6.4,26.5,85,""
AS011,2,2018,2018-08-08,"McRae","MCRAE_BELOW_CULVERT","R818",85,M,340,13.1,8.2,13.4,5.6,11.4,15.4,85,""
AS011,2,2018,2018-08-08,"McRae","MCRAE_STREON","R834",0,M,350,13.0,23.2,17.4,11.8,9.6,31.0,90,""
AS011,2,2018,2018-08-08,"McRae","MCRAE_STREON","R834",5,M,320,30.8,31.4,46.0,35.2,15.4,46.0,90,""
AS011,2,2018,2018-08-08,"McRae","MCRAE_STREON","R834",10,M,290,5.7,11.8,6.2,9.4,7.0,14.0,90,""
AS011,2,2018,2018-08-08,"McRae","MCRAE_STREON","R834",15,M,280,3.1,13.6,12.8,10.4,3.4,22.8,90,""
AS011,2,2018,2018-08-08,"McRae","MCRAE_STREON","R834",20,M,220,7.6,12.3,19.4,12.9,6.4,26.6,90,""
AS011,2,2018,2018-08-08,"McRae","MCRAE_STREON","R834",25,M,270,2.0,2.7,21.2,5.9,5.0,21.2,90,""
AS011,2,2018,2018-08-08,"McRae","MCRAE_STREON","R834",30,M,430,11.9,18.5,7.6,14.4,3.9,25.3,90,""
AS011,2,2018,2018-08-08,"McRae","MCRAE_STREON","R834",35,M,400,10.5,23.0,19.6,8.9,2.4,28.2,90,""
AS011,2,2018,2018-08-08,"McRae","MCRAE_STREON","R834",40,M,410,12.3,14.8,20.0,14.0,6.2,20.0,90,""
AS011,2,2018,2018-08-08,"McRae","MCRAE_STREON","R834",45,M,480,4.4,20.8,14.0,7.1,8.1,20.8,90,""
AS011,2,2018,2018-08-08,"McRae","MCRAE_STREON","R834",50,M,420,19.5,6.8,13.2,15.0,11.6,23.9,90,""
AS011,2,2018,2018-08-08,"McRae","MCRAE_STREON","R834",55,M,350,7.5,5.6,12.8,16.4,7.6,17.1,90,""
AS011,2,2018,2018-08-08,"McRae","MCRAE_STREON","R834",60,M,250,12.9,10.7,12.6,7.3,3.7,13.7,90,""
AS011,2,2018,2018-08-08,"McRae","MCRAE_STREON","R834",65,M,440,4.3,9.4,5.5,3.9,7.9,18.5,90,""
AS011,2,2018,2018-08-08,"McRae","MCRAE_STREON","R834",70,M,600,3.0,9.6,3.4,10.3,3.0,35.2,90,""
AS011,2,2018,2018-08-08,"McRae","MCRAE_STREON","R834",75,M,580,5.0,20.1,34.4,43.0,13.9,56.3,90,""
AS011,2,2018,2018-08-08,"McRae","MCRAE_STREON","R834",80,M,240,5.0,19.2,35.0,83.0,50.1,83.0,90,""
AS011,2,2018,2018-08-08,"McRae","MCRAE_STREON","R834",85,M,400,19.4,34.6,39.0,35.0,8.1,52.5,90,""
AS011,2,2018,2018-08-08,"McRae","MCRAE_STREON","R834",90,M,380,2.9,12.5,14.3,9.2,4.6,20.0,90,""
AS011,2,2018,2018-08-14,"Lookout","L701_LOWER","L755",0,M,800,16.9,43.4,13.8,12.4,9.5,44.9,57,""
AS011,2,2018,2018-08-14,"Lookout","L701_LOWER","L755",5,M,680,7.8,37.3,6.5,34.2,13.4,57.2,57,"2.3 m gravel bar"
AS011,2,2018,2018-08-14,"Lookout","L701_LOWER","L755",10,M,780,5.0,31.7,21.2,11.1,2.6,43.4,57,"3.5 m gravel bar"
AS011,2,2018,2018-08-14,"Lookout","L701_LOWER","L755",15,M,870,22.0,23.3,4.1,9.7,12.5,43.0,57,""
AS011,2,2018,2018-08-14,"Lookout","L701_LOWER","L755",20,M,1150,30.7,21.5,34.0,25.3,5.1,39.3,57,""
AS011,2,2018,2018-08-14,"Lookout","L701_LOWER","L755",25,M,590,19.9,27.3,51.1,52.0,15.0,59.4,57,""
AS011,2,2018,2018-08-14,"Lookout","L701_LOWER","L755",30,M,680,17.3,15.0,30.7,40.8,28.8,51.3,57,""
AS011,2,2018,2018-08-14,"Lookout","L701_LOWER","L755",35,M,610,6.6,21.0,33.5,13.6,13.6,43.0,57,""
AS011,2,2018,2018-08-14,"Lookout","L701_LOWER","L755",40,M,760,15.5,34.0,35.4,40.5,5.5,43.3,57,""
AS011,2,2018,2018-08-14,"Lookout","L701_LOWER","L755",45,M,610,13.2,35.3,31.7,25.5,14.9,50.5,57,""
AS011,2,2018,2018-08-14,"Lookout","L701_LOWER","L755",50,M,470,13.9,44.8,36.9,46.5,38.0,51.2,57,""
AS011,2,2018,2018-08-14,"Lookout","L701_LOWER","L755",55,M,790,6.0,8.5,24.8,23.0,11.5,28.2,57,""
AS011,2,2018,2018-08-14,"Lookout","L701_LOWER","L755",57,M,730,12.7,16.9,19.1,18.2,16.8,27.1,57,"Taken at net, only 2 meters above last trasect"
AS011,2,2018,2018-08-15,"Lookout","L703_UPPER","L906",0,M,580,14.5,27.7,29.4,27.9,14.6,36.2,57,""
AS011,2,2018,2018-08-15,"Lookout","L703_UPPER","L906",5,M,400,16.4,20.1,16.2,27.0,27.5,31.4,57,""
AS011,2,2018,2018-08-15,"Lookout","L703_UPPER","L906",10,M,510,15.8,29.4,19.7,13.3,9.5,30.9,57,""
AS011,2,2018,2018-08-15,"Lookout","L703_UPPER","L906",15,M,490,14.3,19.6,22.5,21.0,10.7,22.5,57,""
AS011,2,2018,2018-08-15,"Lookout","L703_UPPER","L906",20,M,710,7.0,13.9,16.4,9.5,4.2,33.1,57,""
AS011,2,2018,2018-08-15,"Lookout","L703_UPPER","L906",25,M,680,9.7,26.5,17.9,16.0,21.6,30.8,57,""
AS011,2,2018,2018-08-15,"Lookout","L703_UPPER","L906",30,M,680,18.8,30.5,8.2,20.0,29.2,36.6,57,""
AS011,2,2018,2018-08-15,"Lookout","L703_UPPER","L906",35,M,610,8.1,11.7,8.9,7.4,20.1,32.2,57,""
AS011,2,2018,2018-08-15,"Lookout","L703_UPPER","L906",40,M,720,5.0,16.8,26.6,34.6,5.3,50.6,57,""
AS011,2,2018,2018-08-15,"Lookout","L703_UPPER","L906",45,M,650,11.9,11.4,12.4,16.2,14.5,27.5,57,""
AS011,2,2018,2018-08-15,"Lookout","L703_UPPER","L906",50,M,600,9.8,30.9,51.8,61.2,34.3,63.6,57,""
AS011,2,2018,2018-08-15,"Lookout","L703_UPPER","L906",55,M,440,19.0,35.7,41.6,23.8,9.7,63.5,57,""
AS011,2,2018,2018-08-15,"Lookout","L703_UPPER","L906",57,M,610,9.8,12.1,25.2,22.4,13.2,34.6,57,"Taken at net, only 2 meters above last trasect"
AS011,2,2018,2018-08-21,"McRae","MCTW_UPPER","RT_690_793",0,M,240,6.4,10.6,7.3,0.9,3.1,11.8,70,""
AS011,2,2018,2018-08-21,"McRae","MCTW_UPPER","RT_690_793",5,M,210,4.7,7.7,18.9,14.3,4.9,20.5,70,""
AS011,2,2018,2018-08-21,"McRae","MCTW_UPPER","RT_690_793",10,M,150,3.4,6.0,4.8,6.5,0.8,7.1,70,""
AS011,2,2018,2018-08-21,"McRae","MCTW_UPPER","RT_690_793",15,M,150,2.5,7.6,6.2,5.1,5.3,9.1,70,""
AS011,2,2018,2018-08-21,"McRae","MCTW_UPPER","RT_690_793",20,M,160,1.3,6.7,2.6,1.8,1.0,6.7,70,""
AS011,2,2018,2018-08-21,"McRae","MCTW_UPPER","RT_690_793",25,M,140,3.9,7.3,15.3,17.0,12.4,19.6,70,""
AS011,2,2018,2018-08-21,"McRae","MCTW_UPPER","RT_690_793",30,M,190,1.9,5.5,2.8,3.2,1.6,6.2,70,""
AS011,2,2018,2018-08-21,"McRae","MCTW_UPPER","RT_690_793",35,M,130,5.1,5.4,2.1,1.6,1.0,10.1,70,""
AS011,2,2018,2018-08-21,"McRae","MCTW_UPPER","RT_690_793",40,M,360,8.9,5.3,5.5,6.1,2.9,10.2,70,""
AS011,2,2018,2018-08-21,"McRae","MCTW_UPPER","RT_690_793",45,M,140,4.8,5.7,8.4,3.2,1.1,10.4,70,""
AS011,2,2018,2018-08-21,"McRae","MCTW_UPPER","RT_690_793",50,M,200,9.0,6.5,3.1,3.8,1.7,9.8,70,""
AS011,2,2018,2018-08-21,"McRae","MCTW_UPPER","RT_690_793",55,M,90,1.4,0.8,1.1,1.8,0.6,2.9,70,""
AS011,2,2018,2018-08-21,"McRae","MCTW_UPPER","RT_690_793",60,M,80,1.7,1.6,1.1,0.5,3.1,3.8,70,"Between 60 and 65 there is a debris dam so we were not able to access and shock it"
AS011,2,2018,2018-08-21,"McRae","MCTW_UPPER","RT_690_793",65,M,90,0.6,2.4,2.6,3.0,0.9,3.3,70,""
AS011,2,2018,2018-08-21,"McRae","MCTW_UPPER","RT_690_793",70,M,90,5.6,10.9,18.1,12.2,6.0,28.7,70,""
AS011,2,2018,2018-08-22,"McRae","M404_LOWER","R620",0,M,380,5.5,30.2,32.1,40.5,24.4,42.0,45,"Transects 15 - 25 are a split channal with a well-established boulder gravel bar and live mature alders"
AS011,2,2018,2018-08-22,"McRae","M404_LOWER","R620",5,M,450,11.4,9.6,30.7,14.3,6.4,34.4,45,""
AS011,2,2018,2018-08-22,"McRae","M404_LOWER","R620",10,M,450,2.4,23.7,14.8,8.8,2.9,33.5,45,""
AS011,2,2018,2018-08-22,"McRae","M404_LOWER","R620",15,L,810,4.4,6.2,8.1,3.0,1.1,11.7,45,"15L- 2.1 m gravel bar between 15R and 15L"
AS011,2,2018,2018-08-22,"McRae","M404_LOWER","R620",15,R,810,23.9,33.9,32.4,18.6,8.1,34.6,45,"15R- 2.1 m gravel bar between 15R and 15L"
AS011,2,2018,2018-08-22,"McRae","M404_LOWER","R620",20,L,1260,41.3,32.4,23.8,14.6,4.0,50.5,45,"20L- 3.2 m gravel bar between 20R and 20L"
AS011,2,2018,2018-08-22,"McRae","M404_LOWER","R620",20,R,1260,4.1,22.4,7.4,5.7,14.0,25.4,45,"20R-3.2 m gravel bar between 20R and 20L"
AS011,2,2018,2018-08-22,"McRae","M404_LOWER","R620",25,L,950,15.3,13.8,7.7,9.3,1.2,18.4,45,"25L-3.4 m gravel bar between 25R and 25L"
AS011,2,2018,2018-08-22,"McRae","M404_LOWER","R620",25,R,950,3.2,9.6,3.4,10.4,5.3,21.5,45,"25R-3.4 m gravel bar between 25R and 25L"
AS011,2,2018,2018-08-22,"McRae","M404_LOWER","R620",30,M,850,9.9,10.6,5.1,5.7,8.4,17.2,45,"1.6 m gravel bar"
AS011,2,2018,2018-08-22,"McRae","M404_LOWER","R620",35,M,860,4.7,13.6,12.9,7.4,7.9,26.3,45,""
AS011,2,2018,2018-08-22,"McRae","M404_LOWER","R620",40,M,740,4.0,14.6,4.8,12.4,22.8,24.9,45,"1.3 m gravel bar"
AS011,2,2018,2018-08-22,"McRae","M404_LOWER","R620",45,M,440,5.2,4.7,6.8,4.0,3.7,12.6,45,""
AS011,2,2018,2018-08-29,"Mack","MACK_HW_ABOVE_EOF","M881",0,M,300,13.0,16.4,7.3,7.9,2.0,20.3,65,""
AS011,2,2018,2018-08-29,"Mack","MACK_HW_ABOVE_EOF","M881",5,M,220,19.8,16.2,16.7,16.0,34.0,23.0,65,""
AS011,2,2018,2018-08-29,"Mack","MACK_HW_ABOVE_EOF","M881",10,M,250,12.3,20.9,24.0,10.4,6.0,24.4,65,""
AS011,2,2018,2018-08-29,"Mack","MACK_HW_ABOVE_EOF","M881",15,M,260,10.2,17.1,19.8,11.3,3.0,21.0,65,"side channel: ~0.5m wide, max depth 5.9cm"
AS011,2,2018,2018-08-29,"Mack","MACK_HW_ABOVE_EOF","M881",20,M,300,14.9,21.5,12.2,13.0,3.0,21.5,65,"side channel: ~0.4m wide, max depth 3.5cm"
AS011,2,2018,2018-08-29,"Mack","MACK_HW_ABOVE_EOF","M881",25,M,510,13.7,11.1,40.9,34.5,5.0,42.0,65,""
AS011,2,2018,2018-08-29,"Mack","MACK_HW_ABOVE_EOF","M881",30,M,560,18.3,9.7,18.5,6.9,46.0,36.0,65,""
AS011,2,2018,2018-08-29,"Mack","MACK_HW_ABOVE_EOF","M881",35,M,720,26.5,42.4,53.0,57.2,5.0,62.1,65,"5m log jam with hyporheic flow"
AS011,2,2018,2018-08-29,"Mack","MACK_HW_ABOVE_EOF","M881",40,M,710,4.5,0.9,20.2,6.1,4.0,22.5,65,"2.7m gravel bar"
AS011,2,2018,2018-08-29,"Mack","MACK_HW_ABOVE_EOF","M881",45,M,710,118.6,44.9,45.8,10.6,8.0,118.6,65,"1.9m gravel bar"
AS011,2,2018,2018-08-29,"Mack","MACK_HW_ABOVE_EOF","M881",50,M,390,14.4,3.9,10.9,21.0,6.0,22.9,65,""
AS011,2,2018,2018-08-29,"Mack","MACK_HW_ABOVE_EOF","M881",55,M,390,90.5,78.0,41.5,47.0,30.5,90.5,65,"1.6m gravel bar"
AS011,2,2018,2018-08-29,"Mack","MACK_HW_ABOVE_EOF","M881",60,M,560,24.0,20.4,28.5,8.4,8.4,30.6,65,""
AS011,2,2018,2018-08-29,"Mack","MACK_HW_ABOVE_EOF","M881",65,M,200,15.9,9.9,20.7,10.1,3.5,32.0,65,""
AS011,2,2018,2018-08-29,"Mack","MACK_HW_BELOW_EOF","M864",0,M,590,7.3,19.1,2.2,3.5,10.5,22.4,76,""
AS011,2,2018,2018-08-29,"Mack","MACK_HW_BELOW_EOF","M864",5,M,310,8.0,34.5,15.2,16.6,5.3,35.4,76,""
AS011,2,2018,2018-08-29,"Mack","MACK_HW_BELOW_EOF","M864",10,M,340,11.2,8.5,16.5,10.8,5.0,22.3,76,""
AS011,2,2018,2018-08-29,"Mack","MACK_HW_BELOW_EOF","M864",15,M,240,6.7,17.0,11.5,10.1,7.6,20.1,76,""
AS011,2,2018,2018-08-29,"Mack","MACK_HW_BELOW_EOF","M864",20,M,880,16.1,16.5,3.6,10.3,9.7,37.5,76,"1.1m gravel bar"
AS011,2,2018,2018-08-29,"Mack","MACK_HW_BELOW_EOF","M864",25,M,540,11.6,5.8,14.7,32.0,10.6,32.8,76,"2.5m gravel bar"
AS011,2,2018,2018-08-29,"Mack","MACK_HW_BELOW_EOF","M864",30,M,160,4.4,5.8,9.8,6.5,6.4,10.3,76,""
AS011,2,2018,2018-08-29,"Mack","MACK_HW_BELOW_EOF","M864",35,M,530,11.5,6.3,5.0,6.0,5.4,14.3,76,""
AS011,2,2018,2018-08-29,"Mack","MACK_HW_BELOW_EOF","M864",40,M,670,11.5,9.2,4.2,11.0,7.1,20.8,76,"1m gravel bar"
AS011,2,2018,2018-08-29,"Mack","MACK_HW_BELOW_EOF","M864",45,M,790,8.6,15.1,2.3,15.9,8.2,32.5,76,""
AS011,2,2018,2018-08-29,"Mack","MACK_HW_BELOW_EOF","M864",50,M,420,2.7,6.7,2.8,9.9,4.5,13.0,76,"1.2m gravel bar"
AS011,2,2019,2019-07-23,"McRae","MCRAE_SCALER_ADD","R556",0,M,550,6.0,12.0,27.0,9.0,11.0,27.0,65,""
AS011,2,2019,2019-07-23,"McRae","MCRAE_SCALER_ADD","R556",5,M,450,12.0,13.0,30.0,40.0,3.0,40.0,65,""
AS011,2,2019,2019-07-23,"McRae","MCRAE_SCALER_ADD","R556",10,M,450,21.0,20.0,18.0,6.0,3.0,33.0,65,""
AS011,2,2019,2019-07-23,"McRae","MCRAE_SCALER_ADD","R556",15,M,640,10.0,14.0,21.0,18.0,16.0,21.0,65,""
AS011,2,2019,2019-07-23,"McRae","MCRAE_SCALER_ADD","R556",20,M,490,11.0,29.0,26.0,11.0,9.0,44.0,65,""
AS011,2,2019,2019-07-23,"McRae","MCRAE_SCALER_ADD","R556",25,M,560,20.0,28.0,23.0,10.0,8.0,30.0,65,""
AS011,2,2019,2019-07-23,"McRae","MCRAE_SCALER_ADD","R556",30,M,530,6.0,24.0,24.0,12.0,12.0,31.0,65,""
AS011,2,2019,2019-07-23,"McRae","MCRAE_SCALER_ADD","R556",35,M,460,15.0,26.0,15.0,16.0,13.0,26.0,65,""
AS011,2,2019,2019-07-23,"McRae","MCRAE_SCALER_ADD","R556",40,M,500,4.0,19.0,7.0,9.0,4.0,22.0,65,""
AS011,2,2019,2019-07-23,"McRae","MCRAE_SCALER_ADD","R556",45,M,610,10.0,19.0,16.0,13.0,3.0,24.0,65,""
AS011,2,2019,2019-07-23,"McRae","MCRAE_SCALER_ADD","R556",50,M,570,5.0,7.0,24.0,19.0,25.0,29.0,65,""
AS011,2,2019,2019-07-23,"McRae","MCRAE_SCALER_ADD","R556",55,M,500,8.0,14.0,11.0,11.0,14.0,21.0,65,""
AS011,2,2019,2019-07-23,"McRae","MCRAE_SCALER_ADD","R556",60,M,570,5.0,9.0,15.0,9.0,6.0,23.0,65,""
AS011,2,2019,2019-07-23,"McRae","MCRAE_SCALER_ADD","R556",65,M,600,5.0,15.0,11.0,7.0,18.0,20.0,65,""
AS011,2,2019,2019-07-23,"McRae","MCRAE_SCALER_DEPL","R557",0,M,600,5.0,15.0,11.0,7.0,18.0,20.0,72,""
AS011,2,2019,2019-07-23,"McRae","MCRAE_SCALER_DEPL","R557",5,M,510,11.0,14.0,21.0,26.0,11.0,35.0,72,""
AS011,2,2019,2019-07-23,"McRae","MCRAE_SCALER_DEPL","R557",10,M,370,25.0,26.0,27.0,19.0,11.0,28.0,72,""
AS011,2,2019,2019-07-23,"McRae","MCRAE_SCALER_DEPL","R557",15,M,480,8.0,11.0,15.0,12.0,14.0,27.0,72,""
AS011,2,2019,2019-07-23,"McRae","MCRAE_SCALER_DEPL","R557",20,M,430,1.0,14.0,23.0,9.0,5.0,32.0,72,""
AS011,2,2019,2019-07-23,"McRae","MCRAE_SCALER_DEPL","R557",25,M,430,6.0,17.0,9.0,17.0,11.0,22.0,72,""
AS011,2,2019,2019-07-23,"McRae","MCRAE_SCALER_DEPL","R557",30,M,400,10.0,17.0,9.0,11.0,12.0,22.0,72,""
AS011,2,2019,2019-07-23,"McRae","MCRAE_SCALER_DEPL","R557",35,M,780,3.0,8.0,17.0,10.0,5.0,22.0,72,""
AS011,2,2019,2019-07-23,"McRae","MCRAE_SCALER_DEPL","R557",40,M,720,3.0,7.0,13.0,25.0,5.0,37.0,72,""
AS011,2,2019,2019-07-23,"McRae","MCRAE_SCALER_DEPL","R557",45,M,660,2.0,9.0,21.0,5.0,1.0,23.0,72,""
AS011,2,2019,2019-07-23,"McRae","MCRAE_SCALER_DEPL","R557",50,M,750,8.0,16.0,16.0,15.0,17.0,18.0,72,""
AS011,2,2019,2019-07-23,"McRae","MCRAE_SCALER_DEPL","R557",55,M,750,11.0,6.0,14.0,9.0,8.0,20.0,72,""
AS011,2,2019,2019-07-23,"McRae","MCRAE_SCALER_DEPL","R557",60,M,720,1.0,1.0,15.0,12.0,10.0,17.0,72,""
AS011,2,2019,2019-07-23,"McRae","MCRAE_SCALER_DEPL","R557",65,M,640,9.0,7.0,15.0,18.0,18.0,25.0,72,""
AS011,2,2019,2019-07-23,"McRae","MCRAE_SCALER_DEPL","R557",70,M,700,12.0,12.0,14.0,16.0,19.0,19.0,72,""
AS011,2,2019,2019-07-30,"McRae","MCRAE_SCALER_CONTROL","R558",0,M,740,22.0,9.0,15.0,20.0,16.0,22.0,73,""
AS011,2,2019,2019-07-30,"McRae","MCRAE_SCALER_CONTROL","R558",5,M,700,5.0,10.0,12.0,15.0,12.0,15.0,73,""
AS011,2,2019,2019-07-30,"McRae","MCRAE_SCALER_CONTROL","R558",10,M,780,8.0,13.0,15.0,9.0,16.0,16.0,73,""
AS011,2,2019,2019-07-30,"McRae","MCRAE_SCALER_CONTROL","R558",15,M,540,9.0,21.0,20.0,22.0,27.0,32.0,73,""
AS011,2,2019,2019-07-30,"McRae","MCRAE_SCALER_CONTROL","R558",20,M,500,14.0,28.0,22.0,20.0,7.0,29.0,73,""
AS011,2,2019,2019-07-30,"McRae","MCRAE_SCALER_CONTROL","R558",25,M,530,29.0,21.0,29.0,11.0,6.0,36.0,73,""
AS011,2,2019,2019-07-30,"McRae","MCRAE_SCALER_CONTROL","R558",30,M,500,8.0,20.0,21.0,13.0,13.0,25.0,73,""
AS011,2,2019,2019-07-30,"McRae","MCRAE_SCALER_CONTROL","R558",35,M,540,20.0,10.0,19.0,15.0,12.0,15.0,73,""
AS011,2,2019,2019-07-30,"McRae","MCRAE_SCALER_CONTROL","R558",40,M,470,15.0,20.0,14.0,12.0,7.0,21.0,73,""
AS011,2,2019,2019-07-30,"McRae","MCRAE_SCALER_CONTROL","R558",45,M,530,11.0,20.0,12.0,15.0,14.0,20.0,73,""
AS011,2,2019,2019-07-30,"McRae","MCRAE_SCALER_CONTROL","R558",50,M,430,5.0,18.0,22.0,25.0,16.0,30.0,73,""
AS011,2,2019,2019-07-30,"McRae","MCRAE_SCALER_CONTROL","R558",55,M,370,8.0,33.0,27.0,29.0,11.0,39.0,73,""
AS011,2,2019,2019-07-30,"McRae","MCRAE_SCALER_CONTROL","R558",60,M,410,9.0,10.0,20.0,11.0,20.0,20.0,73,""
AS011,2,2019,2019-07-30,"McRae","MCRAE_SCALER_CONTROL","R558",65,M,390,2.0,19.0,16.0,28.0,29.0,31.0,73,""
AS011,2,2019,2019-07-30,"McRae","MCRAE_SCALER_CONTROL","R558",70,M,310,11.0,20.0,25.0,12.0,2.0,26.0,73,""
AS011,2,2019,2019-07-30,"McRae","MCRAE_SCALER_CONTROL","R558",73,M,320,2.0,11.0,20.0,15.0,5.0,23.0,73,""
AS011,2,2019,2019-08-01,"McRae","MCRAE_BELOW_CULVERT","R818",0,M,220,4.0,28.0,30.0,16.0,3.0,34.0,75,""
AS011,2,2019,2019-08-01,"McRae","MCRAE_BELOW_CULVERT","R818",5,M,483,12.0,20.0,6.0,9.0,1.0,25.0,75,""
AS011,2,2019,2019-08-01,"McRae","MCRAE_BELOW_CULVERT","R818",10,M,449,20.0,7.0,8.0,17.0,5.0,19.0,75,""
AS011,2,2019,2019-08-01,"McRae","MCRAE_BELOW_CULVERT","R818",15,M,391,5.0,8.0,12.0,8.0,11.0,16.0,75,""
AS011,2,2019,2019-08-01,"McRae","MCRAE_BELOW_CULVERT","R818",20,M,339,6.0,13.0,22.0,21.0,17.0,22.0,75,""
AS011,2,2019,2019-08-01,"McRae","MCRAE_BELOW_CULVERT","R818",25,M,255,14.0,27.0,13.0,11.0,3.0,31.0,75,""
AS011,2,2019,2019-08-01,"McRae","MCRAE_BELOW_CULVERT","R818",30,M,288,17.0,21.0,23.0,24.0,5.0,30.0,75,""
AS011,2,2019,2019-08-01,"McRae","MCRAE_BELOW_CULVERT","R818",35,M,276,14.0,24.0,24.0,16.0,4.0,26.0,75,""
AS011,2,2019,2019-08-01,"McRae","MCRAE_BELOW_CULVERT","R818",40,M,669,3.0,13.0,11.0,17.0,6.0,21.0,75,"Split UL:1.61/UR: 2.4"
AS011,2,2019,2019-08-01,"McRae","MCRAE_BELOW_CULVERT","R818",45,M,240,8.0,17.0,14.0,10.0,7.0,18.0,75,""
AS011,2,2019,2019-08-01,"McRae","MCRAE_BELOW_CULVERT","R818",50,M,280,9.0,26.0,22.0,20.0,12.0,28.0,75,""
AS011,2,2019,2019-08-01,"McRae","MCRAE_BELOW_CULVERT","R818",55,M,268,7.0,17.0,18.0,9.0,11.0,21.0,75,""
AS011,2,2019,2019-08-01,"McRae","MCRAE_BELOW_CULVERT","R818",60,M,351,20.0,7.0,21.0,23.0,32.0,38.0,75,""
AS011,2,2019,2019-08-01,"McRae","MCRAE_BELOW_CULVERT","R818",65,M,455,14.0,6.0,5.0,11.0,5.0,25.0,75,"Split UL: 1.5/UR: 2.32"
AS011,2,2019,2019-08-01,"McRae","MCRAE_BELOW_CULVERT","R818",70,M,353,6.0,5.0,10.0,11.0,5.0,12.0,75,""
AS011,2,2019,2019-08-01,"McRae","MCRAE_BELOW_CULVERT","R818",75,M,488,7.0,11.0,10.0,12.0,16.0,20.0,75,""
AS011,2,2019,2019-08-01,"McRae","MCRAE_STREON","R834",0,M,510,8.0,3.0,13.0,24.0,19.0,25.0,67,""
AS011,2,2019,2019-08-01,"McRae","MCRAE_STREON","R834",5,M,458,14.0,17.0,16.0,13.0,6.0,19.0,67,""
AS011,2,2019,2019-08-01,"McRae","MCRAE_STREON","R834",10,M,468,8.0,28.0,9.0,10.0,5.0,28.0,67,""
AS011,2,2019,2019-08-01,"McRae","MCRAE_STREON","R834",15,M,281,7.0,15.0,28.0,16.0,5.0,28.0,67,""
AS011,2,2019,2019-08-01,"McRae","MCRAE_STREON","R834",20,M,257,5.0,18.0,13.0,10.0,9.0,21.0,67,""
AS011,2,2019,2019-08-01,"McRae","MCRAE_STREON","R834",25,M,390,5.0,14.0,16.0,15.0,5.0,23.0,67,""
AS011,2,2019,2019-08-01,"McRae","MCRAE_STREON","R834",30,M,570,10.0,30.0,23.0,23.0,26.0,36.0,67,""
AS011,2,2019,2019-08-01,"McRae","MCRAE_STREON","R834",35,M,365,7.0,6.0,8.0,16.0,22.0,32.0,67,""
AS011,2,2019,2019-08-01,"McRae","MCRAE_STREON","R834",40,M,343,24.0,26.0,12.0,12.0,5.0,30.0,67,""
AS011,2,2019,2019-08-01,"McRae","MCRAE_STREON","R834",45,M,445,10.0,22.0,23.0,14.0,8.0,26.0,67,""
AS011,2,2019,2019-08-01,"McRae","MCRAE_STREON","R834",50,M,335,9.0,20.0,13.0,16.0,23.0,23.0,67,""
AS011,2,2019,2019-08-01,"McRae","MCRAE_STREON","R834",55,M,520,14.0,32.0,34.0,24.0,28.0,39.0,67,""
AS011,2,2019,2019-08-01,"McRae","MCRAE_STREON","R834",60,M,398,13.0,14.0,11.0,21.0,13.0,21.0,67,""
AS011,2,2019,2019-08-01,"McRae","MCRAE_STREON","R834",65,M,462,6.0,9.0,7.0,8.0,8.0,18.0,67,""
AS011,2,2019,2019-08-01,"McRae","MCRAE_STREON","R834",67,M,550,28.0,15.0,11.0,4.0,8.0,33.0,67,""
AS011,2,2019,2019-08-13,"Lookout","L701_LOWER","L755",0,M,465,20.0,20.0,30.0,26.0,40.0,40.0,78,""
AS011,2,2019,2019-08-13,"Lookout","L701_LOWER","L755",5,M,600,8.0,22.0,20.0,19.0,17.0,25.0,78,""
AS011,2,2019,2019-08-13,"Lookout","L701_LOWER","L755",10,M,740,23.0,38.0,26.0,32.0,29.0,40.0,78,""
AS011,2,2019,2019-08-13,"Lookout","L701_LOWER","L755",15,M,660,22.0,15.0,34.0,26.0,34.0,39.0,78,""
AS011,2,2019,2019-08-13,"Lookout","L701_LOWER","L755",20,M,740,15.0,16.0,44.0,53.0,41.0,59.0,78,""
AS011,2,2019,2019-08-13,"Lookout","L701_LOWER","L755",25,M,850,51.0,46.0,57.0,37.0,13.0,61.0,78,""
AS011,2,2019,2019-08-13,"Lookout","L701_LOWER","L755",30,M,700,12.0,14.0,22.0,18.0,29.0,32.0,78,""
AS011,2,2019,2019-08-13,"Lookout","L701_LOWER","L755",35,M,930,16.0,30.0,13.0,20.0,29.0,35.0,78,""
AS011,2,2019,2019-08-13,"Lookout","L701_LOWER","L755",40,M,890,14.0,43.0,15.0,29.0,20.0,43.0,78,""
AS011,2,2019,2019-08-13,"Lookout","L701_LOWER","L755",45,M,900,14.0,24.0,29.0,40.0,26.0,42.0,78,""
AS011,2,2019,2019-08-13,"Lookout","L701_LOWER","L755",50,M,880,21.0,26.0,10.0,20.0,39.0,40.0,78,""
AS011,2,2019,2019-08-13,"Lookout","L701_LOWER","L755",55,M,760,13.0,20.0,19.0,15.0,34.0,40.0,78,""
AS011,2,2019,2019-08-13,"Lookout","L701_LOWER","L755",60,M,890,18.0,44.0,50.0,44.0,60.0,60.0,78,""
AS011,2,2019,2019-08-13,"Lookout","L701_LOWER","L755",65,M,700,16.0,20.0,15.0,27.0,12.0,32.0,78,""
AS011,2,2019,2019-08-13,"Lookout","L701_LOWER","L755",70,M,460,16.0,28.0,46.0,41.0,55.0,59.0,78,""
AS011,2,2019,2019-08-13,"Lookout","L701_LOWER","L755",75,M,500,18.0,26.0,28.0,18.0,29.0,30.0,78,""
AS011,2,2019,2019-08-13,"Lookout","L701_LOWER","L755",78,M,550,5.0,24.0,39.0,30.0,8.0,39.0,78,""
AS011,2,2019,2019-08-14,"Lookout","LO_SCALER_CONTROL","L1003",0,M,360,9.0,6.0,2.0,5.0,3.0,11.0,75,""
AS011,2,2019,2019-08-14,"Lookout","LO_SCALER_CONTROL","L1003",5,M,270,12.0,30.0,30.0,22.0,35.0,35.0,75,""
AS011,2,2019,2019-08-14,"Lookout","LO_SCALER_CONTROL","L1003",10,M,300,16.0,25.0,30.0,21.0,29.0,31.0,75,""
AS011,2,2019,2019-08-14,"Lookout","LO_SCALER_CONTROL","L1003",15,M,180,2.0,13.0,3.0,2.0,8.0,13.0,75,""
AS011,2,2019,2019-08-14,"Lookout","LO_SCALER_CONTROL","L1003",20,M,370,5.0,3.0,3.0,21.0,9.0,21.0,75,"confluence of split channel"
AS011,2,2019,2019-08-14,"Lookout","LO_SCALER_CONTROL","L1003",25,M,670,12.0,32.0,4.0,34.0,11.0,34.0,75,"cobble bar = 1.9m; depth_1 & depth 2 left channel"
AS011,2,2019,2019-08-14,"Lookout","LO_SCALER_CONTROL","L1003",30,M,880,3.0,3.0,13.0,19.0,17.0,27.0,75,"cobble bar = 6.0m; depth_1 & depth 2 left channel"
AS011,2,2019,2019-08-14,"Lookout","LO_SCALER_CONTROL","L1003",35,M,1070,8.0,3.0,14.0,26.0,11.0,26.0,75,"cobble bar = 6.8m; depth_1 & depth 2 left channel"
AS011,2,2019,2019-08-14,"Lookout","LO_SCALER_CONTROL","L1003",40,M,1140,12.0,14.0,25.0,30.0,17.0,32.0,75,"log jam & small isolated pool at 40m; cobble bar = 6.9m; depth_1 & depth 2 left channel"
AS011,2,2019,2019-08-14,"Lookout","LO_SCALER_CONTROL","L1003",45,M,710,21.0,32.0,22.0,40.0,35.0,42.0,75,"cobble bar = 3.0m; channel is 2 separated pools at 45m; depth_1 & depth 2 left channel"
AS011,2,2019,2019-08-14,"Lookout","LO_SCALER_CONTROL","L1003",50,M,180,3.0,8.0,8.0,4.0,1.0,8.0,75,""
AS011,2,2019,2019-08-14,"Lookout","LO_SCALER_CONTROL","L1003",55,M,260,10.0,17.0,15.0,13.0,24.0,24.0,75,""
AS011,2,2019,2019-08-14,"Lookout","LO_SCALER_CONTROL","L1003",60,M,250,22.0,11.0,7.0,12.0,18.0,22.0,75,""
AS011,2,2019,2019-08-14,"Lookout","LO_SCALER_CONTROL","L1003",65,M,530,10.0,31.0,27.0,4.0,5.0,31.0,75,""
AS011,2,2019,2019-08-14,"Lookout","LO_SCALER_CONTROL","L1003",70,M,520,30.0,15.0,18.0,10.0,5.0,32.0,75,""
AS011,2,2019,2019-08-14,"Lookout","LO_SCALER_CONTROL","L1003",75,M,700,4.0,3.0,7.0,1.0,1.0,0.0,75,"cobble bar = 4.6m; depth_1 & depth 2 left channel"
AS011,2,2019,2019-08-15,"McRae","MCTW_UPPER","RT_690_793",0,M,250,7.0,6.0,5.0,9.0,8.0,12.0,49,""
AS011,2,2019,2019-08-15,"McRae","MCTW_UPPER","RT_690_793",5,M,190,4.0,7.0,15.0,14.0,4.0,16.0,49,""
AS011,2,2019,2019-08-15,"McRae","MCTW_UPPER","RT_690_793",10,M,130,6.0,4.0,3.0,1.0,4.0,8.0,49,""
AS011,2,2019,2019-08-15,"McRae","MCTW_UPPER","RT_690_793",15,M,180,4.0,6.0,6.0,3.0,4.0,7.0,49,""
AS011,2,2019,2019-08-15,"McRae","MCTW_UPPER","RT_690_793",20,M,210,2.0,5.0,5.0,9.0,5.0,11.0,49,""
AS011,2,2019,2019-08-15,"McRae","MCTW_UPPER","RT_690_793",25,M,170,7.0,6.0,13.0,3.0,4.0,13.0,49,""
AS011,2,2019,2019-08-15,"McRae","MCTW_UPPER","RT_690_793",30,M,230,3.0,5.0,10.0,5.0,5.0,11.0,49,""
AS011,2,2019,2019-08-15,"McRae","MCTW_UPPER","RT_690_793",35,M,130,2.0,2.0,7.0,5.0,2.0,7.0,49,""
AS011,2,2019,2019-08-15,"McRae","MCTW_UPPER","RT_690_793",40,M,200,5.0,10.0,15.0,19.0,10.0,21.0,49,""
AS011,2,2019,2019-08-15,"McRae","MCTW_UPPER","RT_690_793",45,M,150,2.0,2.0,2.0,4.0,2.0,6.0,49,""
AS011,2,2019,2019-08-15,"McRae","MCTW_UPPER","RT_690_793",49,M,190,4.0,2.0,10.0,15.0,2.0,15.0,49,""
